"|","|__Altitude","|__Cell","|__District","|__HearBeat","|__Latitude","|__Longitude","|__Province","|__Sector","|__Temperature","|__Time","|__Village","|__climebrId"
"15","4772","Kiyovu","Nyarugenge","54","-1.95552","30.06367","Kigali","Nyarugenge","25.44","14","Isibo","1"
"1669281548","5062","Kiyovu","Nyarugenge","73","-1.95552","30.06367","Kigali","Nyarugenge","21.25","1669281548","Isibo","1"
"1669281558","5098","Kiyovu","Nyarugenge","95","-1.95551","30.06348","Kigali","Nyarugenge","21.25","1669281558","Isibo","1"
"1669281622","5056","Kiyovu","Nyarugenge","71","-1.95552","30.06311","Kigali","Nyarugenge","21.13","16","Isibo","1"
"1669281628","5054","Kiyovu","Nyarugenge","98","-1.95552","30.06371","Kigali","Nyarugenge","21.13","1669281628","Isibo","1"
"1669281651","5053","Kiyovu","Nyarugenge","68","-1.95552","30.06315","Kigali","Nyarugenge","21.13","1669281651","Isibo","1"
"1669281667","5051","Kiyovu","Nyarugenge","64","-1.95552","30.06315","Kigali","Nyarugenge","21.13","1669281667","Isibo","1"
"1669281677","5055","Kiyovu","Nyarugenge","82","-1.95553","30.06358","Kigali","Nyarugenge","21.06","1669281677","Isibo","1"
"1669281688","5058","Kiyovu","Nyarugenge","70","-1.95551","30.06352","Kigali","Nyarugenge","21.06","1669281688","Isibo","1"
"1669281697","5052","Kiyovu","Nyarugenge","76","-1.95551","30.06389","Kigali","Nyarugenge","21.06","1669281697","Isibo","1"
"1669281707","5051","Kiyovu","Nyarugenge","90","-1.95553","30.06349","Kigali","Nyarugenge","21.06","1669281707","Isibo","1"
"1669281717","5053","Kiyovu","Nyarugenge","77","-1.95553","30.06312","Kigali","Nyarugenge","21.00","1669281717","Isibo","1"
"1669281727","5050","Kiyovu","Nyarugenge","82","-1.95552","30.06325","Kigali","Nyarugenge","21.00","1669281727","Isibo","1"
"1669281737","5058","Kiyovu","Nyarugenge","94","-1.95553","30.06325","Kigali","Nyarugenge","21.00","1669281737","Isibo","1"
"1669281747","5055","Kiyovu","Nyarugenge","94","-1.95553","30.0636","Kigali","Nyarugenge","21.06","1669281747","Isibo","1"
"1669281767","5056","Kiyovu","Nyarugenge","80","-1.95553","30.06406","Kigali","Nyarugenge","21.00","1669281765","Isibo","1"
"1669281780","5051","Kiyovu","Nyarugenge","68","-1.95553","30.06327","Kigali","Nyarugenge","-127.00","1669281780","Isibo","1"
"1669281790","5050","Kiyovu","Nyarugenge","82","-1.95553","30.06341","Kigali","Nyarugenge","-127.00","1669281790","Isibo","1"
"1669281800","5059","Kiyovu","Nyarugenge","99","-1.95553","30.06313","Kigali","Nyarugenge","-127.00","1669281800","Isibo","1"
"1669281810","5057","Kiyovu","Nyarugenge","86","-1.95552","30.06327","Kigali","Nyarugenge","-127.00","1669281810","Isibo","1"
"1669281820","5055","Kiyovu","Nyarugenge","73","-1.95552","30.06363","Kigali","Nyarugenge","-127.00","1669281820","Isibo","1"
"1669281834","5059","Kiyovu","Nyarugenge","89","-1.95552","30.06316","Kigali","Nyarugenge","-127.00","1669281834","Isibo","1"
"1669281840","5056","Kiyovu","Nyarugenge","69","-1.95552","30.06397","Kigali","Nyarugenge","-127.00","1669281840","Isibo","1"
"1669281850","5052","Kiyovu","Nyarugenge","73","-1.95553","30.0633","Kigali","Nyarugenge","-127.00","1669281850","Isibo","1"
"1669281860","5059","Kiyovu","Nyarugenge","68","-1.95551","30.06323","Kigali","Nyarugenge","-127.00","1669281860","Isibo","1"
"1669281870","5056","Kiyovu","Nyarugenge","87","-1.95552","30.06354","Kigali","Nyarugenge","-127.00","1669281870","Isibo","1"
"1669281881","5056","Kiyovu","Nyarugenge","81","-1.95553","30.06374","Kigali","Nyarugenge","20.94","1669281881","Isibo","1"
"1669281891","5056","Kiyovu","Nyarugenge","80","-1.95551","30.06357","Kigali","Nyarugenge","21.00","1669281891","Isibo","1"
"1669281904","5055","Kiyovu","Nyarugenge","77","-1.95553","30.06363","Kigali","Nyarugenge","20.94","1669281904","Isibo","1"
"1669281912","5052","Kiyovu","Nyarugenge","80","-1.95553","30.0636","Kigali","Nyarugenge","20.94","1669281912","Isibo","1"
"1669281922","5056","Kiyovu","Nyarugenge","69","-1.95553","30.06349","Kigali","Nyarugenge","20.94","1669281922","Isibo","1"
"1669281932","5056","Kiyovu","Nyarugenge","77","-1.95553","30.06372","Kigali","Nyarugenge","20.94","1669281932","Isibo","1"
"1669281942","5059","Kiyovu","Nyarugenge","71","-1.95552","30.06384","Kigali","Nyarugenge","20.94","1669281942","Isibo","1"
"1669281952","5056","Kiyovu","Nyarugenge","79","-1.95552","30.06408","Kigali","Nyarugenge","20.94","1669281952","Isibo","1"
"1669281962","5053","Kiyovu","Nyarugenge","68","-1.95553","30.06383","Kigali","Nyarugenge","20.94","1669281962","Isibo","1"
"1669281972","5056","Kiyovu","Nyarugenge","60","-1.95552","30.06316","Kigali","Nyarugenge","20.88","1669281972","Isibo","1"
"1669281982","5050","Kiyovu","Nyarugenge","91","-1.95553","30.06376","Kigali","Nyarugenge","20.88","1669281982","Isibo","1"
"1669281992","5052","Kiyovu","Nyarugenge","96","-1.95553","30.06391","Kigali","Nyarugenge","20.94","1669281992","Isibo","1"
"1669282002","5052","Kiyovu","Nyarugenge","67","-1.95553","30.06347","Kigali","Nyarugenge","20.88","1669282002","Isibo","1"
"1669282012","5056","Kiyovu","Nyarugenge","62","-1.95553","30.06345","Kigali","Nyarugenge","20.94","1669282012","Isibo","1"
"1669282022","5051","Kiyovu","Nyarugenge","84","-1.95551","30.0634","Kigali","Nyarugenge","20.88","1669282022","Isibo","1"
"1669282035","5051","Kiyovu","Nyarugenge","77","-1.95553","30.06387","Kigali","Nyarugenge","20.88","1669282035","Isibo","1"
"1669282042","5051","Kiyovu","Nyarugenge","88","-1.95552","30.06356","Kigali","Nyarugenge","20.94","1669282042","Isibo","1"
"1669282052","5051","Kiyovu","Nyarugenge","76","-1.95552","30.06339","Kigali","Nyarugenge","20.94","1669282052","Isibo","1"
"1669282062","5052","Kiyovu","Nyarugenge","98","-1.95551","30.06373","Kigali","Nyarugenge","20.94","1669282062","Isibo","1"
"1669282072","5056","Kiyovu","Nyarugenge","74","-1.95551","30.06353","Kigali","Nyarugenge","20.94","1669282072","Isibo","1"
"1669282082","5057","Kiyovu","Nyarugenge","70","-1.95552","30.06356","Kigali","Nyarugenge","20.88","1669282082","Isibo","1"
"1669282092","5051","Kiyovu","Nyarugenge","65","-1.95552","30.06354","Kigali","Nyarugenge","20.88","1669282092","Isibo","1"
"1669282102","5051","Kiyovu","Nyarugenge","60","-1.95552","30.06406","Kigali","Nyarugenge","20.88","1669282102","Isibo","1"
"1669282111","5053","Kiyovu","Nyarugenge","80","-1.95552","30.06402","Kigali","Nyarugenge","20.81","1669282111","Isibo","1"
"1669282121","5058","Kiyovu","Nyarugenge","71","-1.95551","30.06378","Kigali","Nyarugenge","20.75","1669282121","Isibo","1"
"1669282131","5053","Kiyovu","Nyarugenge","64","-1.95552","30.06399","Kigali","Nyarugenge","20.81","1669282131","Isibo","1"
"1669282141","5059","Kiyovu","Nyarugenge","60","-1.95552","30.06363","Kigali","Nyarugenge","20.81","1669282141","Isibo","1"
"1669282151","5058","Kiyovu","Nyarugenge","74","-1.95553","30.06365","Kigali","Nyarugenge","20.81","1669282151","Isibo","1"
"1669282161","5052","Kiyovu","Nyarugenge","60","-1.95553","30.06388","Kigali","Nyarugenge","20.81","1669282161","Isibo","1"
"1669282173","5050","Kiyovu","Nyarugenge","73","-1.95553","30.06327","Kigali","Nyarugenge","20.81","1669282173","Isibo","1"
"1669282182","5052","Kiyovu","Nyarugenge","74","-1.95553","30.06339","Kigali","Nyarugenge","20.81","1669282182","Isibo","1"
"1669282192","5052","Kiyovu","Nyarugenge","96","-1.95552","30.06408","Kigali","Nyarugenge","20.81","1669282192","Isibo","1"
"1669282202","5054","Kiyovu","Nyarugenge","99","-1.95552","30.06357","Kigali","Nyarugenge","20.75","1669282202","Isibo","1"
"1669282212","5059","Kiyovu","Nyarugenge","61","-1.95551","30.06398","Kigali","Nyarugenge","20.81","1669282212","Isibo","1"
"1669282222","5050","Kiyovu","Nyarugenge","75","-1.95553","30.06359","Kigali","Nyarugenge","20.81","1669282222","Isibo","1"
"1669282232","5056","Kiyovu","Nyarugenge","81","-1.95552","30.06362","Kigali","Nyarugenge","20.81","1669282232","Isibo","1"
"1669282244","5054","Kiyovu","Nyarugenge","64","-1.95552","30.06325","Kigali","Nyarugenge","20.81","1669282243","Isibo","1"
"1669282253","5054","Kiyovu","Nyarugenge","78","-1.95553","30.0632","Kigali","Nyarugenge","20.81","1669282253","Isibo","1"
"1669282261","5052","Kiyovu","Nyarugenge","75","-1.95553","30.06335","Kigali","Nyarugenge","20.81","1669282261","Isibo","1"
"1669282271","5051","Kiyovu","Nyarugenge","72","-1.95552","30.06344","Kigali","Nyarugenge","20.75","1669282271","Isibo","1"
"1669282281","5056","Kiyovu","Nyarugenge","77","-1.95551","30.06366","Kigali","Nyarugenge","20.75","1669282281","Isibo","1"
"1669282291","5057","Kiyovu","Nyarugenge","76","-1.95552","30.06351","Kigali","Nyarugenge","20.75","1669282291","Isibo","1"
"1669282301","5052","Kiyovu","Nyarugenge","87","-1.95553","30.06383","Kigali","Nyarugenge","20.69","1669282301","Isibo","1"
"1669282311","5052","Kiyovu","Nyarugenge","86","-1.95552","30.06351","Kigali","Nyarugenge","20.69","1669282311","Isibo","1"
"1669282323","5053","Kiyovu","Nyarugenge","98","-1.95552","30.06325","Kigali","Nyarugenge","20.63","1669282323","Isibo","1"
"1669282331","5050","Kiyovu","Nyarugenge","67","-1.95553","30.06384","Kigali","Nyarugenge","20.63","1669282331","Isibo","1"
"1669282341","5050","Kiyovu","Nyarugenge","75","-1.95552","30.06336","Kigali","Nyarugenge","20.63","1669282341","Isibo","1"
"1669282351","5055","Kiyovu","Nyarugenge","99","-1.95552","30.06323","Kigali","Nyarugenge","20.56","1669282351","Isibo","1"
"1669282361","5051","Kiyovu","Nyarugenge","70","-1.95553","30.06373","Kigali","Nyarugenge","20.63","1669282361","Isibo","1"
"1669282371","5058","Kiyovu","Nyarugenge","90","-1.95553","30.0639","Kigali","Nyarugenge","20.56","1669282371","Isibo","1"
"1669282381","5058","Kiyovu","Nyarugenge","69","-1.95552","30.06351","Kigali","Nyarugenge","20.63","1669282381","Isibo","1"
"1669282392","5056","Kiyovu","Nyarugenge","86","-1.95552","30.06329","Kigali","Nyarugenge","20.56","1669282392","Isibo","1"
"1669282402","5057","Kiyovu","Nyarugenge","76","-1.95553","30.06355","Kigali","Nyarugenge","20.56","1669282402","Isibo","1"
"1669282412","5057","Kiyovu","Nyarugenge","62","-1.95553","30.06403","Kigali","Nyarugenge","20.56","1669282412","Isibo","1"
"1669282422","5050","Kiyovu","Nyarugenge","82","-1.95552","30.06344","Kigali","Nyarugenge","23.25","1669282422","Isibo","1"
"1669282432","5059","Kiyovu","Nyarugenge","69","-1.95553","30.06312","Kigali","Nyarugenge","23.63","1669282432","Isibo","1"
"1669282442","5058","Kiyovu","Nyarugenge","98","-1.95551","30.06316","Kigali","Nyarugenge","23.38","1669282442","Isibo","1"
"1669282454","5051","Kiyovu","Nyarugenge","82","-1.95551","30.06315","Kigali","Nyarugenge","23.38","1669282454","Isibo","1"
"1669282463","5058","Kiyovu","Nyarugenge","99","-1.95552","30.06352","Kigali","Nyarugenge","27.50","1669282463","Isibo","1"
"1669282473","5055","Kiyovu","Nyarugenge","91","-1.95552","30.06386","Kigali","Nyarugenge","29.13","1669282473","Isibo","1"
"1669282483","5051","Kiyovu","Nyarugenge","68","-1.95551","30.064","Kigali","Nyarugenge","29.56","1669282483","Isibo","1"
"1669282493","5058","Kiyovu","Nyarugenge","73","-1.95551","30.06404","Kigali","Nyarugenge","29.94","1669282493","Isibo","1"
"1669282501","5051","Kiyovu","Nyarugenge","62","-1.95553","30.06357","Kigali","Nyarugenge","-127.00","1669282501","Isibo","1"
"1669282529","5051","Kiyovu","Nyarugenge","98","-1.95552","30.06388","Kigali","Nyarugenge","30.69","1669282529","Isibo","1"
"1669282539","5051","Kiyovu","Nyarugenge","68","-1.95553","30.06364","Kigali","Nyarugenge","30.88","1669282539","Isibo","1"
"1669282549","5058","Kiyovu","Nyarugenge","69","-1.95551","30.06357","Kigali","Nyarugenge","31.00","1669282549","Isibo","1"
"1669282558","5059","Kiyovu","Nyarugenge","98","-1.95552","30.06314","Kigali","Nyarugenge","-127.00","1669282558","Isibo","1"
"1669282569","5052","Kiyovu","Nyarugenge","73","-1.95553","30.06367","Kigali","Nyarugenge","31.13","1669282569","Isibo","1"
"1669282580","5056","Kiyovu","Nyarugenge","97","-1.95552","30.06316","Kigali","Nyarugenge","31.19","1669282580","Isibo","1"
"1669282590","5056","Kiyovu","Nyarugenge","83","-1.95552","30.06345","Kigali","Nyarugenge","31.31","1669282590","Isibo","1"
"1669282600","5056","Kiyovu","Nyarugenge","65","-1.95551","30.06365","Kigali","Nyarugenge","31.31","1669282600","Isibo","1"
"1669282610","5050","Kiyovu","Nyarugenge","98","-1.95552","30.06358","Kigali","Nyarugenge","31.38","1669282610","Isibo","1"
"1669282620","5053","Kiyovu","Nyarugenge","92","-1.95552","30.06407","Kigali","Nyarugenge","31.44","1669282620","Isibo","1"
"1669282630","5057","Kiyovu","Nyarugenge","60","-1.95552","30.06392","Kigali","Nyarugenge","31.50","1669282630","Isibo","1"
"1669282642","5056","Kiyovu","Nyarugenge","82","-1.95553","30.06367","Kigali","Nyarugenge","31.50","1669282642","Isibo","1"
"1669282649","5056","Kiyovu","Nyarugenge","78","-1.95552","30.06312","Kigali","Nyarugenge","-127.00","1669282649","Isibo","1"
"1669282660","5059","Kiyovu","Nyarugenge","66","-1.95552","30.0641","Kigali","Nyarugenge","31.63","1669282660","Isibo","1"
"1669282670","5057","Kiyovu","Nyarugenge","71","-1.95552","30.06339","Kigali","Nyarugenge","31.63","1669282670","Isibo","1"
"1669282680","5051","Kiyovu","Nyarugenge","94","-1.95552","30.06346","Kigali","Nyarugenge","31.69","1669282680","Isibo","1"
"1669282690","5056","Kiyovu","Nyarugenge","72","-1.95552","30.06371","Kigali","Nyarugenge","31.75","1669282690","Isibo","1"
"1669282700","5054","Kiyovu","Nyarugenge","69","-1.95551","30.06404","Kigali","Nyarugenge","31.75","1669282700","Isibo","1"
"1669282710","5056","Kiyovu","Nyarugenge","60","-1.95553","30.06359","Kigali","Nyarugenge","31.75","1669282710","Isibo","1"
"1669282720","5057","Kiyovu","Nyarugenge","80","-1.95552","30.06366","Kigali","Nyarugenge","31.81","1669282720","Isibo","1"
"1669282730","5052","Kiyovu","Nyarugenge","85","-1.95552","30.06385","Kigali","Nyarugenge","31.88","1669282730","Isibo","1"
"1669282740","5051","Kiyovu","Nyarugenge","85","-1.95552","30.06384","Kigali","Nyarugenge","31.88","1669282740","Isibo","1"
"1669282750","5055","Kiyovu","Nyarugenge","70","-1.95553","30.06339","Kigali","Nyarugenge","31.88","1669282750","Isibo","1"
"1669282760","5056","Kiyovu","Nyarugenge","99","-1.95553","30.06398","Kigali","Nyarugenge","31.88","1669282760","Isibo","1"
"1669282774","5055","Kiyovu","Nyarugenge","71","-1.95553","30.0636","Kigali","Nyarugenge","31.94","1669282774","Isibo","1"
"1669282780","5054","Kiyovu","Nyarugenge","71","-1.95553","30.06361","Kigali","Nyarugenge","31.88","1669282780","Isibo","1"
"1669282790","5050","Kiyovu","Nyarugenge","96","-1.95552","30.0636","Kigali","Nyarugenge","31.94","1669282790","Isibo","1"
"1669282800","5053","Kiyovu","Nyarugenge","71","-1.95551","30.06368","Kigali","Nyarugenge","32.00","1669282800","Isibo","1"
"1669283538","5051","Kiyovu","Nyarugenge","80","-1.95551","30.06388","Kigali","Nyarugenge","-127.00","1669283538","Isibo","1"
"1669283547","5051","Kiyovu","Nyarugenge","77","-1.95553","30.0637","Kigali","Nyarugenge","21.88","1669283547","Isibo","1"
"1669283557","5055","Kiyovu","Nyarugenge","89","-1.95553","30.0639","Kigali","Nyarugenge","21.88","1669283557","Isibo","1"
"1669283567","5056","Kiyovu","Nyarugenge","75","-1.95553","30.06404","Kigali","Nyarugenge","21.81","1669283567","Isibo","1"
"1669283577","5052","Kiyovu","Nyarugenge","63","-1.95553","30.06333","Kigali","Nyarugenge","21.81","1669283577","Isibo","1"
"1669283587","5054","Kiyovu","Nyarugenge","91","-1.95553","30.06337","Kigali","Nyarugenge","21.75","1669283587","Isibo","1"
"1669283597","5050","Kiyovu","Nyarugenge","78","-1.95553","30.0635","Kigali","Nyarugenge","21.75","1669283597","Isibo","1"
"1669283607","5052","Kiyovu","Nyarugenge","81","-1.95551","30.06349","Kigali","Nyarugenge","21.75","1669283607","Isibo","1"
"1669283617","5055","Kiyovu","Nyarugenge","62","-1.95552","30.06355","Kigali","Nyarugenge","21.75","1669283617","Isibo","1"
"1669283627","5054","Kiyovu","Nyarugenge","88","-1.95552","30.0632","Kigali","Nyarugenge","21.75","1669283627","Isibo","1"
"1669283637","5059","Kiyovu","Nyarugenge","62","-1.95553","30.06373","Kigali","Nyarugenge","21.75","1669283637","Isibo","1"
"1669283647","5059","Kiyovu","Nyarugenge","95","-1.95552","30.06341","Kigali","Nyarugenge","21.69","1669283647","Isibo","1"
"1669283657","5056","Kiyovu","Nyarugenge","75","-1.95552","30.06355","Kigali","Nyarugenge","21.75","1669283657","Isibo","1"
"1669283667","5051","Kiyovu","Nyarugenge","94","-1.95551","30.06322","Kigali","Nyarugenge","21.69","1669283667","Isibo","1"
"1669283676","5050","Kiyovu","Nyarugenge","90","-1.95551","30.0639","Kigali","Nyarugenge","21.69","1669283676","Isibo","1"
"1669283686","5059","Kiyovu","Nyarugenge","79","-1.95552","30.06384","Kigali","Nyarugenge","21.69","1669283686","Isibo","1"
"1669283696","5051","Kiyovu","Nyarugenge","64","-1.95553","30.0634","Kigali","Nyarugenge","21.69","1669283696","Isibo","1"
"1669283706","5053","Kiyovu","Nyarugenge","88","-1.95551","30.06355","Kigali","Nyarugenge","21.69","1669283706","Isibo","1"
"1669283716","5052","Kiyovu","Nyarugenge","90","-1.95553","30.06396","Kigali","Nyarugenge","21.69","1669283716","Isibo","1"
"1669283726","5053","Kiyovu","Nyarugenge","97","-1.95553","30.0639","Kigali","Nyarugenge","21.69","1669283726","Isibo","1"
"1669283739","5052","Kiyovu","Nyarugenge","69","-1.95552","30.06349","Kigali","Nyarugenge","21.69","1669283737","Isibo","1"
"1669283749","5055","Kiyovu","Nyarugenge","92","-1.95552","30.06388","Kigali","Nyarugenge","21.63","1669283747","Isibo","1"
"1669283759","5058","Kiyovu","Nyarugenge","70","-1.95552","30.06338","Kigali","Nyarugenge","21.69","1669283757","Isibo","1"
"1669283768","5054","Kiyovu","Nyarugenge","60","-1.95552","30.06371","Kigali","Nyarugenge","-127.00","1669283768","Isibo","1"
"1669283778","5058","Kiyovu","Nyarugenge","60","-1.95553","30.06406","Kigali","Nyarugenge","21.69","1669283778","Isibo","1"
"1669283788","5055","Kiyovu","Nyarugenge","91","-1.95552","30.06354","Kigali","Nyarugenge","21.69","1669283788","Isibo","1"
"1669283798","5053","Kiyovu","Nyarugenge","66","-1.95551","30.06383","Kigali","Nyarugenge","21.69","1669283798","Isibo","1"
"1669283808","5058","Kiyovu","Nyarugenge","70","-1.95552","30.06374","Kigali","Nyarugenge","21.63","1669283808","Isibo","1"
"1669283818","5057","Kiyovu","Nyarugenge","77","-1.95553","30.06379","Kigali","Nyarugenge","21.63","1669283818","Isibo","1"
"1669283828","5054","Kiyovu","Nyarugenge","93","-1.95551","30.06386","Kigali","Nyarugenge","21.63","1669283828","Isibo","1"
"1669283837","5053","Kiyovu","Nyarugenge","71","-1.95552","30.06391","Kigali","Nyarugenge","21.63","1669283837","Isibo","1"
"1669283847","5053","Kiyovu","Nyarugenge","90","-1.95552","30.06315","Kigali","Nyarugenge","21.63","1669283847","Isibo","1"
"1669283857","5051","Kiyovu","Nyarugenge","93","-1.95552","30.06368","Kigali","Nyarugenge","21.63","1669283857","Isibo","1"
"1669283867","5055","Kiyovu","Nyarugenge","67","-1.95552","30.06318","Kigali","Nyarugenge","21.63","1669283867","Isibo","1"
"1669283877","5057","Kiyovu","Nyarugenge","66","-1.95552","30.06339","Kigali","Nyarugenge","21.63","1669283877","Isibo","1"
"1669283887","5055","Kiyovu","Nyarugenge","71","-1.95551","30.06355","Kigali","Nyarugenge","21.56","1669283887","Isibo","1"
"1669283897","5055","Kiyovu","Nyarugenge","90","-1.95552","30.06358","Kigali","Nyarugenge","21.56","1669283897","Isibo","1"
"1669283906","5056","Kiyovu","Nyarugenge","96","-1.95552","30.06348","Kigali","Nyarugenge","21.63","1669283906","Isibo","1"
"1669283916","5055","Kiyovu","Nyarugenge","68","-1.95552","30.06328","Kigali","Nyarugenge","21.63","1669283916","Isibo","1"
"1669283926","5057","Kiyovu","Nyarugenge","95","-1.95553","30.06332","Kigali","Nyarugenge","21.56","1669283926","Isibo","1"
"1669283936","5056","Kiyovu","Nyarugenge","98","-1.95553","30.06393","Kigali","Nyarugenge","21.56","1669283936","Isibo","1"
"1669283946","5057","Kiyovu","Nyarugenge","75","-1.95553","30.06396","Kigali","Nyarugenge","21.56","1669283946","Isibo","1"
"1669283956","5059","Kiyovu","Nyarugenge","85","-1.95553","30.06383","Kigali","Nyarugenge","21.56","1669283956","Isibo","1"
"1669283968","5057","Kiyovu","Nyarugenge","75","-1.95553","30.06368","Kigali","Nyarugenge","21.56","1669283967","Isibo","1"
"1669283978","5055","Kiyovu","Nyarugenge","97","-1.95553","30.06399","Kigali","Nyarugenge","21.56","1669283977","Isibo","1"
"1669283988","5056","Kiyovu","Nyarugenge","62","-1.95552","30.06323","Kigali","Nyarugenge","21.56","1669283988","Isibo","1"
"1669283997","5055","Kiyovu","Nyarugenge","70","-1.95552","30.06389","Kigali","Nyarugenge","21.56","1669283997","Isibo","1"
"1669284007","5057","Kiyovu","Nyarugenge","76","-1.95552","30.06344","Kigali","Nyarugenge","21.56","1669284007","Isibo","1"
"1669284017","5059","Kiyovu","Nyarugenge","77","-1.95552","30.06385","Kigali","Nyarugenge","21.56","1669284017","Isibo","1"
"1669284027","5055","Kiyovu","Nyarugenge","68","-1.95553","30.06364","Kigali","Nyarugenge","21.63","1669284027","Isibo","1"
"1669284037","5057","Kiyovu","Nyarugenge","92","-1.95553","30.0637","Kigali","Nyarugenge","21.63","1669284037","Isibo","1"
"1669284047","5056","Kiyovu","Nyarugenge","71","-1.95552","30.06326","Kigali","Nyarugenge","21.63","1669284047","Isibo","1"
"1669284058","5054","Kiyovu","Nyarugenge","88","-1.95553","30.06387","Kigali","Nyarugenge","21.63","1669284058","Isibo","1"
"1669284067","5053","Kiyovu","Nyarugenge","65","-1.95552","30.06399","Kigali","Nyarugenge","21.63","1669284067","Isibo","1"
"1669284077","5058","Kiyovu","Nyarugenge","72","-1.95552","30.06324","Kigali","Nyarugenge","21.63","1669284077","Isibo","1"
"1669284087","5052","Kiyovu","Nyarugenge","65","-1.95552","30.06318","Kigali","Nyarugenge","21.63","1669284087","Isibo","1"
"1669284097","5051","Kiyovu","Nyarugenge","89","-1.95552","30.06354","Kigali","Nyarugenge","21.63","1669284097","Isibo","1"
"1669284107","5057","Kiyovu","Nyarugenge","68","-1.95551","30.06323","Kigali","Nyarugenge","21.63","1669284107","Isibo","1"
"1669284117","5057","Kiyovu","Nyarugenge","66","-1.95553","30.06378","Kigali","Nyarugenge","21.63","1669284117","Isibo","1"
"1669284127","5056","Kiyovu","Nyarugenge","96","-1.95552","30.06328","Kigali","Nyarugenge","23.13","1669284127","Isibo","1"
"1669284137","5059","Kiyovu","Nyarugenge","98","-1.95552","30.06324","Kigali","Nyarugenge","24.88","1669284137","Isibo","1"
"1669284147","5058","Kiyovu","Nyarugenge","96","-1.95553","30.06361","Kigali","Nyarugenge","25.56","1669284147","Isibo","1"
"1669284157","5050","Kiyovu","Nyarugenge","99","-1.95552","30.06398","Kigali","Nyarugenge","25.38","1669284157","Isibo","1"
"1669284167","5058","Kiyovu","Nyarugenge","91","-1.95551","30.06355","Kigali","Nyarugenge","25.13","1669284167","Isibo","1"
"1669284177","5059","Kiyovu","Nyarugenge","68","-1.95552","30.06364","Kigali","Nyarugenge","25.00","1669284177","Isibo","1"
"1669284187","5051","Kiyovu","Nyarugenge","95","-1.95552","30.06385","Kigali","Nyarugenge","24.75","1669284187","Isibo","1"
"1669284196","5052","Kiyovu","Nyarugenge","83","-1.95553","30.06356","Kigali","Nyarugenge","24.56","1669284196","Isibo","1"
"1669284206","5056","Kiyovu","Nyarugenge","81","-1.95553","30.0634","Kigali","Nyarugenge","24.38","1669284206","Isibo","1"
"1669284216","5058","Kiyovu","Nyarugenge","79","-1.95553","30.06365","Kigali","Nyarugenge","24.25","1669284216","Isibo","1"
"1669284226","5055","Kiyovu","Nyarugenge","79","-1.95553","30.06348","Kigali","Nyarugenge","24.13","1669284226","Isibo","1"
"1669284236","5059","Kiyovu","Nyarugenge","70","-1.95553","30.06314","Kigali","Nyarugenge","24.00","1669284236","Isibo","1"
"1669284246","5051","Kiyovu","Nyarugenge","61","-1.95551","30.06323","Kigali","Nyarugenge","23.81","1669284246","Isibo","1"
"1669284258","5053","Kiyovu","Nyarugenge","99","-1.95551","30.06316","Kigali","Nyarugenge","23.69","1669284257","Isibo","1"
"1669284268","5054","Kiyovu","Nyarugenge","97","-1.95552","30.06323","Kigali","Nyarugenge","23.50","1669284268","Isibo","1"
"1669284277","5057","Kiyovu","Nyarugenge","97","-1.95553","30.06388","Kigali","Nyarugenge","23.38","1669284277","Isibo","1"
"1669284287","5050","Kiyovu","Nyarugenge","74","-1.95551","30.0639","Kigali","Nyarugenge","23.19","1669284287","Isibo","1"
"1669284297","5059","Kiyovu","Nyarugenge","63","-1.95552","30.06358","Kigali","Nyarugenge","23.13","1669284297","Isibo","1"
"1669284307","5057","Kiyovu","Nyarugenge","79","-1.95551","30.06351","Kigali","Nyarugenge","22.94","1669284307","Isibo","1"
"1669284317","5059","Kiyovu","Nyarugenge","73","-1.95553","30.06382","Kigali","Nyarugenge","22.88","1669284317","Isibo","1"
"1669284327","5056","Kiyovu","Nyarugenge","95","-1.95553","30.06344","Kigali","Nyarugenge","22.75","1669284327","Isibo","1"
"1669284339","5059","Kiyovu","Nyarugenge","80","-1.95552","30.06352","Kigali","Nyarugenge","22.69","1669284338","Isibo","1"
"1669284347","5051","Kiyovu","Nyarugenge","83","-1.95552","30.06316","Kigali","Nyarugenge","22.63","1669284347","Isibo","1"
"1669284357","5051","Kiyovu","Nyarugenge","71","-1.95553","30.06356","Kigali","Nyarugenge","22.50","1669284357","Isibo","1"
"1669284367","5052","Kiyovu","Nyarugenge","98","-1.95552","30.06311","Kigali","Nyarugenge","22.44","1669284367","Isibo","1"
"1669284377","5054","Kiyovu","Nyarugenge","73","-1.95552","30.06351","Kigali","Nyarugenge","22.38","1669284377","Isibo","1"
"1669284387","5050","Kiyovu","Nyarugenge","99","-1.95553","30.06329","Kigali","Nyarugenge","22.31","1669284387","Isibo","1"
"1669284397","5052","Kiyovu","Nyarugenge","86","-1.95551","30.06384","Kigali","Nyarugenge","22.25","1669284397","Isibo","1"
"1669284407","5051","Kiyovu","Nyarugenge","84","-1.95553","30.06333","Kigali","Nyarugenge","22.19","1669284407","Isibo","1"
"1669284417","5057","Kiyovu","Nyarugenge","97","-1.95553","30.06362","Kigali","Nyarugenge","22.13","1669284417","Isibo","1"
"1669284427","5050","Kiyovu","Nyarugenge","82","-1.95551","30.06383","Kigali","Nyarugenge","22.13","1669284427","Isibo","1"
"1669284437","5050","Kiyovu","Nyarugenge","77","-1.95551","30.06338","Kigali","Nyarugenge","22.13","1669284437","Isibo","1"
"1669284447","5051","Kiyovu","Nyarugenge","98","-1.95552","30.06332","Kigali","Nyarugenge","22.06","1669284447","Isibo","1"
"1669284457","5056","Kiyovu","Nyarugenge","76","-1.95552","30.06384","Kigali","Nyarugenge","22.06","1669284457","Isibo","1"
"1669284470","5051","Kiyovu","Nyarugenge","94","-1.95552","30.06318","Kigali","Nyarugenge","21.94","1669284470","Isibo","1"
"1669284479","5053","Kiyovu","Nyarugenge","68","-1.95553","30.06395","Kigali","Nyarugenge","21.94","1669284479","Isibo","1"
"1669284489","5055","Kiyovu","Nyarugenge","85","-1.95552","30.06335","Kigali","Nyarugenge","21.88","1669284489","Isibo","1"
"1669284499","5053","Kiyovu","Nyarugenge","67","-1.95552","30.06392","Kigali","Nyarugenge","21.88","1669284499","Isibo","1"
"1669284509","5053","Kiyovu","Nyarugenge","94","-1.95553","30.064","Kigali","Nyarugenge","21.88","1669284509","Isibo","1"
"1669284519","5054","Kiyovu","Nyarugenge","62","-1.95553","30.06315","Kigali","Nyarugenge","21.81","1669284519","Isibo","1"
"1669284529","5050","Kiyovu","Nyarugenge","93","-1.95552","30.06385","Kigali","Nyarugenge","21.81","1669284529","Isibo","1"
"1669284542","5057","Kiyovu","Nyarugenge","76","-1.95553","30.06335","Kigali","Nyarugenge","21.81","1669284542","Isibo","1"
"1669284550","5059","Kiyovu","Nyarugenge","61","-1.95552","30.06371","Kigali","Nyarugenge","21.75","1669284550","Isibo","1"
"1669284560","5057","Kiyovu","Nyarugenge","62","-1.95552","30.06322","Kigali","Nyarugenge","21.69","1669284560","Isibo","1"
"1669284570","5050","Kiyovu","Nyarugenge","96","-1.95552","30.06399","Kigali","Nyarugenge","21.69","1669284570","Isibo","1"
"1669284580","5054","Kiyovu","Nyarugenge","96","-1.95553","30.06371","Kigali","Nyarugenge","21.63","1669284580","Isibo","1"
"1669284590","5057","Kiyovu","Nyarugenge","96","-1.95552","30.06332","Kigali","Nyarugenge","21.63","1669284590","Isibo","1"
"1669284600","5051","Kiyovu","Nyarugenge","82","-1.95551","30.06377","Kigali","Nyarugenge","21.63","1669284600","Isibo","1"
"1669869741","5062","Kiyovu","Nyarugenge","73","-1.95552","30.06367","Kigali","Nyarugenge","10.25","1669869741","Isibo","1"
"1669869786","5062","Kiyovu","Nyarugenge","73","-1.95552","30.06367","Kigali","Nyarugenge","10.25","1669869786","Isibo","1"
"1669869876","5062","Kiyovu","Nyarugenge","73","-1.95552","30.06367","Kigali","Nyarugenge","10.25","1669869876","Isibo","1"
"1669870201","5062","Kiyovu","Nyarugenge","73","-1.95552","30.06367","Kigali","Nyarugenge","10.25","1669870201","Isibo","1"
"1669870279","5062","Kiyovu","Nyarugenge","73","-1.95552","30.06367","Kigali","Nyarugenge","10.25","1669870279","Isibo","1"
"1669870475","5062","Kiyovu","Nyarugenge","73","-1.95552","30.06367","Kigali","Nyarugenge","10.25","1669870475","Isibo","1"
"1669870552","5062","Kiyovu","Nyarugenge","73","-1.95552","30.06367","Kigali","Nyarugenge","10.25","1669870552","Isibo","1"
"1669870879","5062","Kiyovu","Nyarugenge","73","-1.95552","30.06367","Kigali","Nyarugenge","10.25","1669870879","Isibo","1"
"1669874860","5052","Kiyovu","Nyarugenge","78","-1.95551","30.06399","Kigali","Nyarugenge","25.38","12","Isibo","1"
"1669874869","5050","Kiyovu","Nyarugenge","90","-1.95553","30.06353","Kigali","Nyarugenge","25.25","1669874869","Isibo","1"
"1669874874","5054","Kiyovu","Nyarugenge","79","-1.95551","30.06313","Kigali","Nyarugenge","25.25","1669874874","Isibo","1"
"1669874883","5054","Kiyovu","Nyarugenge","61","-1.95553","30.06358","Kigali","Nyarugenge","25.13","1669874883","Isibo","1"
"1669874885","5052","Kiyovu","Nyarugenge","91","-1.95553","30.06316","Kigali","Nyarugenge","25.13","1669874885","Isibo","1"
"1669874888","5052","Kiyovu","Nyarugenge","95","-1.95553","30.06387","Kigali","Nyarugenge","25.06","1669874888","Isibo","1"
"1669874891","5050","Kiyovu","Nyarugenge","76","-1.95552","30.06358","Kigali","Nyarugenge","25.06","1669874891","Isibo","1"
"1669874894","5053","Kiyovu","Nyarugenge","65","-1.95551","30.06393","Kigali","Nyarugenge","25.06","1669874894","Isibo","1"
"1669874897","5050","Kiyovu","Nyarugenge","67","-1.95552","30.06353","Kigali","Nyarugenge","25.06","1669874897","Isibo","1"
"1669874901","5052","Kiyovu","Nyarugenge","77","-1.95553","30.06404","Kigali","Nyarugenge","25.00","1669874901","Isibo","1"
"1669874906","5053","Kiyovu","Nyarugenge","65","-1.95552","30.0633","Kigali","Nyarugenge","24.94","1669874906","Isibo","1"
"1669874911","5053","Kiyovu","Nyarugenge","86","-1.95553","30.06354","Kigali","Nyarugenge","24.88","1669874911","Isibo","1"
"1669874916","5054","Kiyovu","Nyarugenge","65","-1.95551","30.06378","Kigali","Nyarugenge","24.81","1669874916","Isibo","1"
"1669874926","5054","Kiyovu","Nyarugenge","72","-1.95551","30.06323","Kigali","Nyarugenge","24.81","1669874926","Isibo","1"
"1669874931","5051","Kiyovu","Nyarugenge","94","-1.95553","30.06362","Kigali","Nyarugenge","24.75","1669874931","Isibo","1"
"1669874935","5053","Kiyovu","Nyarugenge","66","-1.95552","30.0637","Kigali","Nyarugenge","24.75","1669874935","Isibo","1"
"1669874938","5050","Kiyovu","Nyarugenge","95","-1.95552","30.06316","Kigali","Nyarugenge","24.69","1669874938","Isibo","1"
"1669874942","5052","Kiyovu","Nyarugenge","99","-1.95552","30.06352","Kigali","Nyarugenge","24.69","1669874942","Isibo","1"
"1669874945","5051","Kiyovu","Nyarugenge","61","-1.95552","30.06371","Kigali","Nyarugenge","24.69","1669874945","Isibo","1"
"1669874949","5050","Kiyovu","Nyarugenge","74","-1.95553","30.06399","Kigali","Nyarugenge","24.69","1669874949","Isibo","1"
"1669874952","5051","Kiyovu","Nyarugenge","73","-1.95552","30.06331","Kigali","Nyarugenge","24.63","1669874952","Isibo","1"
"1669875010","5054","Kiyovu","Nyarugenge","73","-1.95553","30.06361","Kigali","Nyarugenge","24.25","1669875010","Isibo","1"
"1669875025","5065","Kiyovu","Nyarugenge","88","-1.95551","30.06319","Kigali","Nyarugenge","24.19","1669875025","Isibo","1"
"1669875030","5055","Kiyovu","Nyarugenge","77","-1.95551","30.0634","Kigali","Nyarugenge","24.25","1669875030","Isibo","1"
"1669875033","5057","Kiyovu","Nyarugenge","62","-1.95553","30.06392","Kigali","Nyarugenge","24.19","1669875033","Isibo","1"
"1669875036","5079","Kiyovu","Nyarugenge","87","-1.95552","30.06358","Kigali","Nyarugenge","24.19","1669875036","Isibo","1"
"1669875041","5065","Kiyovu","Nyarugenge","84","-1.95553","30.06394","Kigali","Nyarugenge","24.19","1669875041","Isibo","1"
"1669875046","5072","Kiyovu","Nyarugenge","64","-1.95552","30.06377","Kigali","Nyarugenge","24.13","1669875046","Isibo","1"
"1669875064","5058","Kiyovu","Nyarugenge","67","-1.95553","30.06379","Kigali","Nyarugenge","27.31","1669875064","Isibo","1"
"1669875072","5060","Kiyovu","Nyarugenge","78","-1.95552","30.06319","Kigali","Nyarugenge","27.44","1669875071","Isibo","1"
"1669875078","5079","Kiyovu","Nyarugenge","65","-1.95553","30.06393","Kigali","Nyarugenge","27.19","1669875078","Isibo","1"
"1669875081","5063","Kiyovu","Nyarugenge","89","-1.95552","30.06336","Kigali","Nyarugenge","26.94","1669875081","Isibo","1"
"1669875085","5061","Kiyovu","Nyarugenge","80","-1.95551","30.06376","Kigali","Nyarugenge","27.50","1669875085","Isibo","1"
"1669875091","5079","Kiyovu","Nyarugenge","84","-1.95551","30.06377","Kigali","Nyarugenge","29.69","1669875091","Isibo","1"
"1669875093","5066","Kiyovu","Nyarugenge","78","-1.95552","30.06371","Kigali","Nyarugenge","30.94","1669875093","Isibo","1"
"1669875096","5061","Kiyovu","Nyarugenge","90","-1.95552","30.06328","Kigali","Nyarugenge","32.06","1669875096","Isibo","1"
"1669875101","5075","Kiyovu","Nyarugenge","83","-1.95552","30.06369","Kigali","Nyarugenge","33.44","1669875101","Isibo","1"
"1669875104","5074","Kiyovu","Nyarugenge","71","-1.95553","30.06371","Kigali","Nyarugenge","33.63","1669875104","Isibo","1"
"1669875112","5050","Kiyovu","Nyarugenge","90","-1.95552","30.064","Kigali","Nyarugenge","33.88","1669875112","Isibo","1"
"1669875115","5066","Kiyovu","Nyarugenge","61","-1.95551","30.0632","Kigali","Nyarugenge","34.13","1669875115","Isibo","1"
"1669875120","5075","Kiyovu","Nyarugenge","97","-1.95553","30.06371","Kigali","Nyarugenge","34.56","1669875120","Isibo","1"
"1669875123","5078","Kiyovu","Nyarugenge","90","-1.95553","30.06347","Kigali","Nyarugenge","35.00","1669875123","Isibo","1"
"1669875129","5050","Kiyovu","Nyarugenge","93","-1.95552","30.06368","Kigali","Nyarugenge","34.31","1669875129","Isibo","1"
"1669875132","5072","Kiyovu","Nyarugenge","86","-1.95553","30.06322","Kigali","Nyarugenge","33.69","1669875132","Isibo","1"
"1669875136","5065","Kiyovu","Nyarugenge","85","-1.95552","30.06344","Kigali","Nyarugenge","33.06","1669875136","Isibo","1"
"1669875140","5051","Kiyovu","Nyarugenge","71","-1.95552","30.06372","Kigali","Nyarugenge","32.75","1669875140","Isibo","1"
"1669875142","5074","Kiyovu","Nyarugenge","86","-1.95553","30.06327","Kigali","Nyarugenge","32.31","1669875142","Isibo","1"
"1669875145","5079","Kiyovu","Nyarugenge","84","-1.95551","30.0633","Kigali","Nyarugenge","32.06","1669875145","Isibo","1"
"1669875150","5078","Kiyovu","Nyarugenge","95","-1.95553","30.06404","Kigali","Nyarugenge","31.69","1669875150","Isibo","1"
"1669875155","5062","Kiyovu","Nyarugenge","78","-1.95553","30.06353","Kigali","Nyarugenge","31.38","1669875155","Isibo","1"
"1669875157","5054","Kiyovu","Nyarugenge","85","-1.95551","30.06351","Kigali","Nyarugenge","31.25","1669875157","Isibo","1"
"1669875160","5057","Kiyovu","Nyarugenge","92","-1.95553","30.06394","Kigali","Nyarugenge","31.06","1669875160","Isibo","1"
"1669875163","5059","Kiyovu","Nyarugenge","83","-1.95551","30.06342","Kigali","Nyarugenge","30.94","1669875163","Isibo","1"
"1669875167","5061","Kiyovu","Nyarugenge","89","-1.95552","30.06393","Kigali","Nyarugenge","30.69","1669875167","Isibo","1"
"1669875170","5060","Kiyovu","Nyarugenge","84","-1.95552","30.06358","Kigali","Nyarugenge","30.63","1669875170","Isibo","1"
"1669875175","5078","Kiyovu","Nyarugenge","67","-1.95552","30.06311","Kigali","Nyarugenge","30.44","1669875175","Isibo","1"
"1669875180","5058","Kiyovu","Nyarugenge","87","-1.95553","30.06339","Kigali","Nyarugenge","30.19","1669875180","Isibo","1"
"1669875186","5076","Kiyovu","Nyarugenge","98","-1.95553","30.0633","Kigali","Nyarugenge","30.00","1669875186","Isibo","1"
"1669875188","5050","Kiyovu","Nyarugenge","98","-1.95553","30.0638","Kigali","Nyarugenge","29.94","1669875188","Isibo","1"
"1669875191","5050","Kiyovu","Nyarugenge","81","-1.95552","30.06329","Kigali","Nyarugenge","29.81","1669875191","Isibo","1"
"1669875195","5056","Kiyovu","Nyarugenge","86","-1.95552","30.06392","Kigali","Nyarugenge","29.69","1669875195","Isibo","1"
"1669875198","5064","Kiyovu","Nyarugenge","60","-1.95552","30.06368","Kigali","Nyarugenge","29.56","1669875198","Isibo","1"
"1669875202","5051","Kiyovu","Nyarugenge","92","-1.95553","30.06319","Kigali","Nyarugenge","29.50","1669875202","Isibo","1"
"1669875217","5069","Kiyovu","Nyarugenge","91","-1.95552","30.06383","Kigali","Nyarugenge","29.06","1669875217","Isibo","1"
"1669875227","5050","Kiyovu","Nyarugenge","76","-1.95553","30.06359","Kigali","Nyarugenge","28.81","1669875227","Isibo","1"
"1669875230","5065","Kiyovu","Nyarugenge","60","-1.95552","30.06408","Kigali","Nyarugenge","28.75","1669875230","Isibo","1"
"1669875233","5067","Kiyovu","Nyarugenge","95","-1.95551","30.06404","Kigali","Nyarugenge","28.63","1669875233","Isibo","1"
"1669875237","5054","Kiyovu","Nyarugenge","64","-1.95552","30.06349","Kigali","Nyarugenge","28.56","1669875237","Isibo","1"
"1669875240","5053","Kiyovu","Nyarugenge","79","-1.95552","30.06371","Kigali","Nyarugenge","28.50","1669875240","Isibo","1"
"1669875244","5059","Kiyovu","Nyarugenge","71","-1.95553","30.06348","Kigali","Nyarugenge","28.38","1669875244","Isibo","1"
"1669875248","5071","Kiyovu","Nyarugenge","67","-1.95553","30.06383","Kigali","Nyarugenge","28.31","1669875248","Isibo","1"
"1669875251","5070","Kiyovu","Nyarugenge","61","-1.95553","30.064","Kigali","Nyarugenge","28.25","1669875251","Isibo","1"
"1669875254","5064","Kiyovu","Nyarugenge","74","-1.95552","30.0636","Kigali","Nyarugenge","28.19","1669875254","Isibo","1"
"1669875257","5060","Kiyovu","Nyarugenge","88","-1.95553","30.06313","Kigali","Nyarugenge","28.13","1669875257","Isibo","1"
"1669875264","5061","Kiyovu","Nyarugenge","71","-1.95552","30.06329","Kigali","Nyarugenge","28.00","1669875264","Isibo","1"
"1669875269","5062","Kiyovu","Nyarugenge","99","-1.95552","30.06324","Kigali","Nyarugenge","27.88","1669875269","Isibo","1"
"1669875271","5072","Kiyovu","Nyarugenge","78","-1.95553","30.06397","Kigali","Nyarugenge","27.88","1669875271","Isibo","1"
"1669875275","5072","Kiyovu","Nyarugenge","60","-1.95553","30.06317","Kigali","Nyarugenge","27.75","1669875275","Isibo","1"
"1669875278","5054","Kiyovu","Nyarugenge","80","-1.95551","30.06391","Kigali","Nyarugenge","27.69","1669875278","Isibo","1"
"1669875281","5075","Kiyovu","Nyarugenge","65","-1.95552","30.06328","Kigali","Nyarugenge","27.63","1669875281","Isibo","1"
"1669875284","5066","Kiyovu","Nyarugenge","60","-1.95552","30.06374","Kigali","Nyarugenge","27.56","1669875284","Isibo","1"
"1669875290","5063","Kiyovu","Nyarugenge","81","-1.95553","30.06404","Kigali","Nyarugenge","27.50","1669875290","Isibo","1"
"1669875293","5051","Kiyovu","Nyarugenge","70","-1.95553","30.06367","Kigali","Nyarugenge","27.44","1669875293","Isibo","1"
"1669875300","5074","Kiyovu","Nyarugenge","78","-1.95552","30.06345","Kigali","Nyarugenge","27.31","1669875300","Isibo","1"
"1669875302","5057","Kiyovu","Nyarugenge","94","-1.95553","30.06387","Kigali","Nyarugenge","27.25","1669875302","Isibo","1"
"1669875305","5051","Kiyovu","Nyarugenge","73","-1.95553","30.0637","Kigali","Nyarugenge","27.19","1669875305","Isibo","1"
"1669875308","5069","Kiyovu","Nyarugenge","69","-1.95552","30.0635","Kigali","Nyarugenge","27.19","1669875308","Isibo","1"
"1669875311","5062","Kiyovu","Nyarugenge","69","-1.95552","30.06396","Kigali","Nyarugenge","27.13","1669875311","Isibo","1"
"1669875314","5065","Kiyovu","Nyarugenge","62","-1.95552","30.06368","Kigali","Nyarugenge","27.13","1669875314","Isibo","1"
"1669875317","5073","Kiyovu","Nyarugenge","89","-1.95552","30.06388","Kigali","Nyarugenge","27.06","1669875317","Isibo","1"
"1669875320","5053","Kiyovu","Nyarugenge","68","-1.95553","30.06382","Kigali","Nyarugenge","27.00","1669875320","Isibo","1"
"1669875323","5077","Kiyovu","Nyarugenge","94","-1.95551","30.06375","Kigali","Nyarugenge","26.94","1669875323","Isibo","1"
"1669875326","5067","Kiyovu","Nyarugenge","94","-1.95552","30.06385","Kigali","Nyarugenge","26.94","1669875326","Isibo","1"
"1669875329","5052","Kiyovu","Nyarugenge","94","-1.95552","30.06313","Kigali","Nyarugenge","26.81","1669875329","Isibo","1"
"1669875332","5056","Kiyovu","Nyarugenge","82","-1.95553","30.06387","Kigali","Nyarugenge","26.81","1669875332","Isibo","1"
"1669875335","5075","Kiyovu","Nyarugenge","66","-1.95551","30.06342","Kigali","Nyarugenge","26.75","1669875335","Isibo","1"
"1669875338","5055","Kiyovu","Nyarugenge","98","-1.95552","30.064","Kigali","Nyarugenge","26.75","1669875338","Isibo","1"
"1669875341","5076","Kiyovu","Nyarugenge","95","-1.95553","30.06323","Kigali","Nyarugenge","26.69","1669875341","Isibo","1"
"1669875346","5066","Kiyovu","Nyarugenge","64","-1.95553","30.0639","Kigali","Nyarugenge","26.63","1669875346","Isibo","1"
"1669875349","5070","Kiyovu","Nyarugenge","70","-1.95552","30.06334","Kigali","Nyarugenge","26.56","1669875349","Isibo","1"
"1669875352","5072","Kiyovu","Nyarugenge","67","-1.95553","30.06338","Kigali","Nyarugenge","26.50","1669875352","Isibo","1"
"1669875355","5071","Kiyovu","Nyarugenge","88","-1.95553","30.06343","Kigali","Nyarugenge","26.50","1669875355","Isibo","1"
"1669875358","5069","Kiyovu","Nyarugenge","60","-1.95553","30.06389","Kigali","Nyarugenge","26.44","1669875358","Isibo","1"
"1669875360","5073","Kiyovu","Nyarugenge","64","-1.95552","30.06395","Kigali","Nyarugenge","26.44","1669875360","Isibo","1"
"1669875366","5075","Kiyovu","Nyarugenge","97","-1.95551","30.06325","Kigali","Nyarugenge","26.38","1669875366","Isibo","1"
"1669875372","5053","Kiyovu","Nyarugenge","77","-1.95551","30.06316","Kigali","Nyarugenge","26.31","1669875372","Isibo","1"
"1669875375","5066","Kiyovu","Nyarugenge","84","-1.95551","30.0634","Kigali","Nyarugenge","26.31","1669875375","Isibo","1"
"1669875378","5072","Kiyovu","Nyarugenge","72","-1.95553","30.06388","Kigali","Nyarugenge","26.19","1669875378","Isibo","1"
"1669875383","5073","Kiyovu","Nyarugenge","79","-1.95552","30.0637","Kigali","Nyarugenge","26.19","1669875383","Isibo","1"
"1669875388","5052","Kiyovu","Nyarugenge","74","-1.95552","30.06362","Kigali","Nyarugenge","26.13","1669875387","Isibo","1"
"1669875399","5066","Kiyovu","Nyarugenge","80","-1.95552","30.06399","Kigali","Nyarugenge","26.00","1669875399","Isibo","1"
"1669875417","5070","Kiyovu","Nyarugenge","82","-1.95552","30.06339","Kigali","Nyarugenge","25.81","1669875417","Isibo","1"
"1669875421","5062","Kiyovu","Nyarugenge","93","-1.95553","30.06395","Kigali","Nyarugenge","25.81","1669875421","Isibo","1"
"1669875426","5074","Kiyovu","Nyarugenge","85","-1.95553","30.06396","Kigali","Nyarugenge","25.69","1669875426","Isibo","1"
"1669875429","5078","Kiyovu","Nyarugenge","77","-1.95553","30.06398","Kigali","Nyarugenge","25.69","1669875429","Isibo","1"
"1669875434","5056","Kiyovu","Nyarugenge","66","-1.95552","30.06402","Kigali","Nyarugenge","25.63","1669875434","Isibo","1"
"1669875437","5073","Kiyovu","Nyarugenge","75","-1.95551","30.0633","Kigali","Nyarugenge","25.63","1669875437","Isibo","1"
"1669875442","5055","Kiyovu","Nyarugenge","73","-1.95553","30.06407","Kigali","Nyarugenge","25.56","1669875442","Isibo","1"
"1669875445","5072","Kiyovu","Nyarugenge","91","-1.95551","30.06374","Kigali","Nyarugenge","25.50","1669875445","Isibo","1"
"1669875448","5063","Kiyovu","Nyarugenge","79","-1.95551","30.06411","Kigali","Nyarugenge","25.50","1669875448","Isibo","1"
"1669875452","5062","Kiyovu","Nyarugenge","66","-1.95553","30.06389","Kigali","Nyarugenge","25.44","1669875452","Isibo","1"
"1669875455","5062","Kiyovu","Nyarugenge","85","-1.95553","30.06311","Kigali","Nyarugenge","25.44","1669875455","Isibo","1"
"1669875458","5074","Kiyovu","Nyarugenge","84","-1.95553","30.06359","Kigali","Nyarugenge","25.38","1669875458","Isibo","1"
"1669875462","5053","Kiyovu","Nyarugenge","76","-1.95552","30.06391","Kigali","Nyarugenge","25.38","1669875462","Isibo","1"
"1669875465","5071","Kiyovu","Nyarugenge","84","-1.95553","30.06379","Kigali","Nyarugenge","25.38","1669875465","Isibo","1"
"1669875468","5055","Kiyovu","Nyarugenge","71","-1.95553","30.0639","Kigali","Nyarugenge","25.31","1669875468","Isibo","1"
"1669875471","5054","Kiyovu","Nyarugenge","68","-1.95551","30.06381","Kigali","Nyarugenge","25.31","1669875471","Isibo","1"
"1669875475","5056","Kiyovu","Nyarugenge","69","-1.95553","30.06394","Kigali","Nyarugenge","25.56","1669875475","Isibo","1"
"1669875478","5073","Kiyovu","Nyarugenge","74","-1.95552","30.06323","Kigali","Nyarugenge","26.13","1669875478","Isibo","1"
"1669875482","5073","Kiyovu","Nyarugenge","89","-1.95553","30.06323","Kigali","Nyarugenge","26.63","1669875482","Isibo","1"
"1669875485","5057","Kiyovu","Nyarugenge","63","-1.95552","30.06327","Kigali","Nyarugenge","27.81","1669875485","Isibo","1"
"1669875489","5071","Kiyovu","Nyarugenge","66","-1.95552","30.06316","Kigali","Nyarugenge","29.00","1669875489","Isibo","1"
"1669875492","5058","Kiyovu","Nyarugenge","68","-1.95552","30.06373","Kigali","Nyarugenge","29.56","1669875492","Isibo","1"
"1669875495","5068","Kiyovu","Nyarugenge","91","-1.95552","30.06381","Kigali","Nyarugenge","30.00","1669875495","Isibo","1"
"1669875499","5077","Kiyovu","Nyarugenge","77","-1.95551","30.0633","Kigali","Nyarugenge","30.38","1669875499","Isibo","1"
"1669875504","5065","Kiyovu","Nyarugenge","82","-1.95553","30.06363","Kigali","Nyarugenge","30.81","1669875504","Isibo","1"
"1669875509","5061","Kiyovu","Nyarugenge","92","-1.95552","30.06322","Kigali","Nyarugenge","31.13","1669875509","Isibo","1"
"1669875514","5054","Kiyovu","Nyarugenge","92","-1.95553","30.06326","Kigali","Nyarugenge","31.44","1669875514","Isibo","1"
"1669875521","5058","Kiyovu","Nyarugenge","80","-1.95552","30.06325","Kigali","Nyarugenge","31.81","1669875521","Isibo","1"
"1669875527","5078","Kiyovu","Nyarugenge","61","-1.95552","30.06315","Kigali","Nyarugenge","32.00","1669875527","Isibo","1"
"1669875533","5079","Kiyovu","Nyarugenge","95","-1.95553","30.06319","Kigali","Nyarugenge","32.31","1669875533","Isibo","1"
"1669875537","5059","Kiyovu","Nyarugenge","67","-1.95553","30.06409","Kigali","Nyarugenge","32.38","1669875537","Isibo","1"
"1669875544","5073","Kiyovu","Nyarugenge","93","-1.95552","30.06333","Kigali","Nyarugenge","32.63","1669875544","Isibo","1"
"1669875547","5053","Kiyovu","Nyarugenge","82","-1.95551","30.06371","Kigali","Nyarugenge","32.69","1669875547","Isibo","1"
"1669875552","5060","Kiyovu","Nyarugenge","90","-1.95552","30.06355","Kigali","Nyarugenge","32.81","1669875552","Isibo","1"
"1669875558","5061","Kiyovu","Nyarugenge","65","-1.95552","30.06353","Kigali","Nyarugenge","32.94","1669875558","Isibo","1"
"1669875561","5054","Kiyovu","Nyarugenge","68","-1.95551","30.06321","Kigali","Nyarugenge","33.00","1669875561","Isibo","1"
"1669875564","5076","Kiyovu","Nyarugenge","97","-1.95552","30.06403","Kigali","Nyarugenge","33.06","1669875564","Isibo","1"
"1669875569","5057","Kiyovu","Nyarugenge","96","-1.95552","30.06371","Kigali","Nyarugenge","33.13","1669875569","Isibo","1"
"1669875575","5077","Kiyovu","Nyarugenge","82","-1.95553","30.06346","Kigali","Nyarugenge","33.25","1669875575","Isibo","1"
"1669875579","5065","Kiyovu","Nyarugenge","94","-1.95552","30.06404","Kigali","Nyarugenge","33.31","1669875579","Isibo","1"
"1669875584","5057","Kiyovu","Nyarugenge","82","-1.95551","30.06369","Kigali","Nyarugenge","33.31","1669875584","Isibo","1"
"1669875592","5054","Kiyovu","Nyarugenge","60","-1.95551","30.06329","Kigali","Nyarugenge","33.50","1669875591","Isibo","1"
"1669875595","5056","Kiyovu","Nyarugenge","64","-1.95552","30.06341","Kigali","Nyarugenge","33.50","1669875595","Isibo","1"
"1669875598","5071","Kiyovu","Nyarugenge","82","-1.95553","30.06389","Kigali","Nyarugenge","33.56","1669875598","Isibo","1"
"1669875604","5077","Kiyovu","Nyarugenge","67","-1.95553","30.06394","Kigali","Nyarugenge","33.56","1669875604","Isibo","1"
"1669875608","5078","Kiyovu","Nyarugenge","85","-1.95553","30.0641","Kigali","Nyarugenge","33.63","1669875608","Isibo","1"
"1669875613","5057","Kiyovu","Nyarugenge","92","-1.95553","30.06361","Kigali","Nyarugenge","33.69","1669875613","Isibo","1"
"1669875617","5058","Kiyovu","Nyarugenge","78","-1.95551","30.0641","Kigali","Nyarugenge","33.75","1669875617","Isibo","1"
"1669875620","5055","Kiyovu","Nyarugenge","92","-1.95553","30.0636","Kigali","Nyarugenge","33.75","1669875620","Isibo","1"
"1669875623","5051","Kiyovu","Nyarugenge","94","-1.95553","30.06357","Kigali","Nyarugenge","33.75","1669875623","Isibo","1"
"1669875627","5059","Kiyovu","Nyarugenge","71","-1.95552","30.0638","Kigali","Nyarugenge","33.81","1669875627","Isibo","1"
"1669875630","5067","Kiyovu","Nyarugenge","68","-1.95552","30.06339","Kigali","Nyarugenge","33.81","1669875630","Isibo","1"
"1669875633","5065","Kiyovu","Nyarugenge","95","-1.95552","30.06339","Kigali","Nyarugenge","33.81","1669875633","Isibo","1"
"1669875636","5054","Kiyovu","Nyarugenge","88","-1.95551","30.06371","Kigali","Nyarugenge","33.81","1669875636","Isibo","1"
"1669875640","5076","Kiyovu","Nyarugenge","82","-1.95552","30.06379","Kigali","Nyarugenge","33.88","1669875640","Isibo","1"
"1669875643","5066","Kiyovu","Nyarugenge","67","-1.95553","30.06387","Kigali","Nyarugenge","33.94","1669875643","Isibo","1"
"1669875646","5052","Kiyovu","Nyarugenge","77","-1.95552","30.06391","Kigali","Nyarugenge","33.94","1669875646","Isibo","1"
"1669875651","5060","Kiyovu","Nyarugenge","62","-1.95553","30.0635","Kigali","Nyarugenge","33.94","1669875651","Isibo","1"
"1669875654","5050","Kiyovu","Nyarugenge","94","-1.95553","30.06396","Kigali","Nyarugenge","33.94","1669875654","Isibo","1"
"1669875660","5075","Kiyovu","Nyarugenge","79","-1.95552","30.06335","Kigali","Nyarugenge","34.00","1669875660","Isibo","1"
"1669875665","5078","Kiyovu","Nyarugenge","66","-1.95553","30.06404","Kigali","Nyarugenge","34.06","1669875665","Isibo","1"
"1669875671","5057","Kiyovu","Nyarugenge","70","-1.95553","30.06386","Kigali","Nyarugenge","34.00","1669875671","Isibo","1"
"1669875675","5065","Kiyovu","Nyarugenge","95","-1.95551","30.06315","Kigali","Nyarugenge","34.06","1669875675","Isibo","1"
"1669875678","5053","Kiyovu","Nyarugenge","64","-1.95552","30.06328","Kigali","Nyarugenge","34.13","1669875678","Isibo","1"
"1669875681","5058","Kiyovu","Nyarugenge","94","-1.95552","30.06402","Kigali","Nyarugenge","34.13","1669875681","Isibo","1"
"1669875685","5063","Kiyovu","Nyarugenge","98","-1.95552","30.06319","Kigali","Nyarugenge","34.13","1669875685","Isibo","1"
"1669875690","5073","Kiyovu","Nyarugenge","63","-1.95553","30.06339","Kigali","Nyarugenge","34.19","1669875690","Isibo","1"
"1669875703","5065","Kiyovu","Nyarugenge","77","-1.95552","30.06388","Kigali","Nyarugenge","34.25","1669875703","Isibo","1"
"1669875706","5070","Kiyovu","Nyarugenge","63","-1.95552","30.06315","Kigali","Nyarugenge","34.25","1669875706","Isibo","1"
"1669875710","5056","Kiyovu","Nyarugenge","81","-1.95552","30.06322","Kigali","Nyarugenge","34.25","1669875710","Isibo","1"
"1669875713","5066","Kiyovu","Nyarugenge","72","-1.95553","30.06404","Kigali","Nyarugenge","34.25","1669875713","Isibo","1"
"1669875717","5065","Kiyovu","Nyarugenge","91","-1.95551","30.06393","Kigali","Nyarugenge","34.25","1669875717","Isibo","1"
"1669875724","5068","Kiyovu","Nyarugenge","93","-1.95551","30.06365","Kigali","Nyarugenge","34.31","1669875724","Isibo","1"
"1669875727","5076","Kiyovu","Nyarugenge","91","-1.95553","30.0632","Kigali","Nyarugenge","34.31","1669875727","Isibo","1"
"1669875736","5069","Kiyovu","Nyarugenge","88","-1.95553","30.0641","Kigali","Nyarugenge","34.31","1669875736","Isibo","1"
"1669875739","5066","Kiyovu","Nyarugenge","69","-1.95552","30.06353","Kigali","Nyarugenge","34.31","1669875739","Isibo","1"
"1669875748","5069","Kiyovu","Nyarugenge","82","-1.95552","30.06352","Kigali","Nyarugenge","34.38","1669875748","Isibo","1"
"1669875751","5076","Kiyovu","Nyarugenge","81","-1.95552","30.06318","Kigali","Nyarugenge","34.38","1669875751","Isibo","1"
"1669875755","5073","Kiyovu","Nyarugenge","60","-1.95553","30.06341","Kigali","Nyarugenge","34.38","1669875755","Isibo","1"
"1669875758","5059","Kiyovu","Nyarugenge","62","-1.95551","30.06366","Kigali","Nyarugenge","34.38","1669875758","Isibo","1"
"1669875761","5060","Kiyovu","Nyarugenge","91","-1.95553","30.06312","Kigali","Nyarugenge","34.38","1669875761","Isibo","1"
"1669875764","5050","Kiyovu","Nyarugenge","63","-1.95552","30.06317","Kigali","Nyarugenge","34.38","1669875764","Isibo","1"
"1669875773","5053","Kiyovu","Nyarugenge","60","-1.95552","30.06346","Kigali","Nyarugenge","34.44","1669875773","Isibo","1"
"1669875776","5075","Kiyovu","Nyarugenge","99","-1.95553","30.06391","Kigali","Nyarugenge","34.44","1669875776","Isibo","1"
"1669875787","5067","Kiyovu","Nyarugenge","97","-1.95553","30.06346","Kigali","Nyarugenge","34.44","1669875787","Isibo","1"
"1669875791","5072","Kiyovu","Nyarugenge","95","-1.95552","30.06399","Kigali","Nyarugenge","34.44","1669875791","Isibo","1"
"1669875795","5076","Kiyovu","Nyarugenge","90","-1.95553","30.06357","Kigali","Nyarugenge","34.50","1669875795","Isibo","1"
"1669875798","5054","Kiyovu","Nyarugenge","98","-1.95551","30.06356","Kigali","Nyarugenge","34.50","1669875798","Isibo","1"
"1669875802","5075","Kiyovu","Nyarugenge","84","-1.95552","30.06366","Kigali","Nyarugenge","34.44","1669875802","Isibo","1"
"1669875806","5066","Kiyovu","Nyarugenge","64","-1.95552","30.06356","Kigali","Nyarugenge","34.50","1669875806","Isibo","1"
"1669875813","5051","Kiyovu","Nyarugenge","63","-1.95552","30.06333","Kigali","Nyarugenge","34.50","1669875813","Isibo","1"
"1669875816","5079","Kiyovu","Nyarugenge","76","-1.95552","30.06377","Kigali","Nyarugenge","34.50","1669875816","Isibo","1"
"1669875819","5056","Kiyovu","Nyarugenge","77","-1.95553","30.06403","Kigali","Nyarugenge","34.50","1669875819","Isibo","1"
"1669875823","5062","Kiyovu","Nyarugenge","72","-1.95553","30.064","Kigali","Nyarugenge","34.56","1669875823","Isibo","1"
"1669875827","5065","Kiyovu","Nyarugenge","75","-1.95551","30.06315","Kigali","Nyarugenge","34.50","1669875827","Isibo","1"
"1669875832","5058","Kiyovu","Nyarugenge","67","-1.95553","30.06338","Kigali","Nyarugenge","34.56","1669875832","Isibo","1"
"1669875842","5064","Kiyovu","Nyarugenge","69","-1.95553","30.06377","Kigali","Nyarugenge","34.56","1669875842","Isibo","1"
"1669875850","5076","Kiyovu","Nyarugenge","97","-1.95553","30.06344","Kigali","Nyarugenge","34.56","1669875849","Isibo","1"
"1669875853","5056","Kiyovu","Nyarugenge","62","-1.95551","30.06318","Kigali","Nyarugenge","34.56","1669875853","Isibo","1"
"1669875857","5057","Kiyovu","Nyarugenge","67","-1.95553","30.06317","Kigali","Nyarugenge","34.56","1669875857","Isibo","1"
"1669875860","5075","Kiyovu","Nyarugenge","88","-1.95552","30.06359","Kigali","Nyarugenge","34.56","1669875860","Isibo","1"
"1669875863","5061","Kiyovu","Nyarugenge","95","-1.95553","30.06328","Kigali","Nyarugenge","34.56","1669875863","Isibo","1"
"1669875866","5061","Kiyovu","Nyarugenge","61","-1.95552","30.06385","Kigali","Nyarugenge","34.63","1669875866","Isibo","1"
"1669875871","5070","Kiyovu","Nyarugenge","89","-1.95552","30.06346","Kigali","Nyarugenge","34.63","1669875871","Isibo","1"
"1669875877","5067","Kiyovu","Nyarugenge","76","-1.95553","30.06372","Kigali","Nyarugenge","34.56","1669875877","Isibo","1"
"1669875882","5067","Kiyovu","Nyarugenge","95","-1.95553","30.06349","Kigali","Nyarugenge","34.56","1669875882","Isibo","1"
"1669875886","5051","Kiyovu","Nyarugenge","96","-1.95552","30.06401","Kigali","Nyarugenge","33.88","1669875886","Isibo","1"
"1669875890","5069","Kiyovu","Nyarugenge","66","-1.95551","30.06339","Kigali","Nyarugenge","33.38","1669875890","Isibo","1"
"1669875894","5074","Kiyovu","Nyarugenge","78","-1.95552","30.06347","Kigali","Nyarugenge","33.13","1669875894","Isibo","1"
"1669875900","5068","Kiyovu","Nyarugenge","79","-1.95552","30.06312","Kigali","Nyarugenge","32.81","1669875900","Isibo","1"
"1669875903","5078","Kiyovu","Nyarugenge","88","-1.95553","30.06375","Kigali","Nyarugenge","32.69","1669875903","Isibo","1"
"1669875908","5053","Kiyovu","Nyarugenge","97","-1.95551","30.06375","Kigali","Nyarugenge","32.50","1669875908","Isibo","1"
"1669875913","5057","Kiyovu","Nyarugenge","74","-1.95552","30.06346","Kigali","Nyarugenge","32.31","1669875913","Isibo","1"
"1669875916","5079","Kiyovu","Nyarugenge","75","-1.95552","30.06374","Kigali","Nyarugenge","32.13","1669875916","Isibo","1"
"1669875919","5061","Kiyovu","Nyarugenge","65","-1.95553","30.06366","Kigali","Nyarugenge","32.06","1669875919","Isibo","1"
"1669875923","5072","Kiyovu","Nyarugenge","94","-1.95553","30.06407","Kigali","Nyarugenge","31.88","1669875923","Isibo","1"
"1669875928","5064","Kiyovu","Nyarugenge","88","-1.95552","30.06338","Kigali","Nyarugenge","31.75","1669875928","Isibo","1"
"1669875932","5077","Kiyovu","Nyarugenge","69","-1.95552","30.06362","Kigali","Nyarugenge","31.56","1669875932","Isibo","1"
"1669875935","5059","Kiyovu","Nyarugenge","77","-1.95553","30.06354","Kigali","Nyarugenge","31.44","1669875935","Isibo","1"
"1669875938","5070","Kiyovu","Nyarugenge","97","-1.95551","30.06373","Kigali","Nyarugenge","31.38","1669875938","Isibo","1"
"1669875941","5062","Kiyovu","Nyarugenge","98","-1.95553","30.06315","Kigali","Nyarugenge","31.31","1669875941","Isibo","1"
"1669875945","5058","Kiyovu","Nyarugenge","72","-1.95552","30.06324","Kigali","Nyarugenge","31.19","1669875945","Isibo","1"
"1669875948","5061","Kiyovu","Nyarugenge","78","-1.95553","30.06344","Kigali","Nyarugenge","31.06","1669875948","Isibo","1"
"1669875956","5078","Kiyovu","Nyarugenge","74","-1.95551","30.06358","Kigali","Nyarugenge","30.75","1669875956","Isibo","1"
"1669875960","5063","Kiyovu","Nyarugenge","83","-1.95552","30.06311","Kigali","Nyarugenge","30.63","1669875960","Isibo","1"
"1669875963","5050","Kiyovu","Nyarugenge","88","-1.95551","30.06314","Kigali","Nyarugenge","30.63","1669875963","Isibo","1"
"1669875968","5051","Kiyovu","Nyarugenge","74","-1.95553","30.06316","Kigali","Nyarugenge","30.44","1669875968","Isibo","1"
"1669875972","5063","Kiyovu","Nyarugenge","81","-1.95552","30.06344","Kigali","Nyarugenge","30.31","1669875972","Isibo","1"
"1669875977","5068","Kiyovu","Nyarugenge","60","-1.95551","30.06361","Kigali","Nyarugenge","30.13","1669875977","Isibo","1"
"1669877187","4267","Kiyovu","Nyarugenge","54","-1.95552","30.06353","Kigali","Nyarugenge","25.50","36","Isibo","1"
"1669877193","4600","Kiyovu","Nyarugenge","119","-1.95552","30.0641","Kigali","Nyarugenge","25.56","1669877193","Isibo","1"
"1669877196","4895","Kiyovu","Nyarugenge","128","-1.95551","30.06372","Kigali","Nyarugenge","25.56","1669877196","Isibo","1"
"1669877202","4749","Kiyovu","Nyarugenge","57","-1.95553","30.06406","Kigali","Nyarugenge","25.56","1669877202","Isibo","1"
"1669877209","4765","Kiyovu","Nyarugenge","66","-1.95551","30.06409","Kigali","Nyarugenge","25.56","1669877209","Isibo","1"
"1669877218","4160","Kiyovu","Nyarugenge","83","-1.95552","30.06385","Kigali","Nyarugenge","25.56","1669877218","Isibo","1"
"1669877221","4130","Kiyovu","Nyarugenge","71","-1.95551","30.06319","Kigali","Nyarugenge","25.56","1669877221","Isibo","1"
"1669877229","5073","Kiyovu","Nyarugenge","116","-1.95551","30.06348","Kigali","Nyarugenge","25.56","1669877229","Isibo","1"
"1669877232","4951","Kiyovu","Nyarugenge","49","-1.95552","30.06378","Kigali","Nyarugenge","25.56","1669877232","Isibo","1"
"1669877235","4744","Kiyovu","Nyarugenge","88","-1.95553","30.0639","Kigali","Nyarugenge","25.56","1669877235","Isibo","1"
"1669877239","4574","Kiyovu","Nyarugenge","65","-1.95553","30.06322","Kigali","Nyarugenge","25.56","1669877239","Isibo","1"
"1669877242","4211","Kiyovu","Nyarugenge","98","-1.95553","30.06369","Kigali","Nyarugenge","25.56","1669877242","Isibo","1"
"1669877246","4388","Kiyovu","Nyarugenge","113","-1.95553","30.06348","Kigali","Nyarugenge","25.56","1669877246","Isibo","1"
"1669877251","4123","Kiyovu","Nyarugenge","60","-1.95552","30.06392","Kigali","Nyarugenge","25.63","1669877251","Isibo","1"
"1669877254","5053","Kiyovu","Nyarugenge","35","-1.95551","30.0635","Kigali","Nyarugenge","25.63","1669877254","Isibo","1"
"1669877258","4849","Kiyovu","Nyarugenge","61","-1.95551","30.06345","Kigali","Nyarugenge","25.63","1669877258","Isibo","1"
"1669877261","4983","Kiyovu","Nyarugenge","80","-1.95553","30.06379","Kigali","Nyarugenge","25.63","1669877261","Isibo","1"
"1669877265","4497","Kiyovu","Nyarugenge","55","-1.95551","30.06344","Kigali","Nyarugenge","25.69","1669877265","Isibo","1"
"1669877269","4839","Kiyovu","Nyarugenge","41","-1.95552","30.06384","Kigali","Nyarugenge","25.69","1669877269","Isibo","1"
"1669877275","4394","Kiyovu","Nyarugenge","100","-1.95552","30.06385","Kigali","Nyarugenge","25.63","1669877275","Isibo","1"
"1669877279","4552","Kiyovu","Nyarugenge","47","-1.95551","30.06342","Kigali","Nyarugenge","25.69","1669877279","Isibo","1"
"1669877282","4436","Kiyovu","Nyarugenge","92","-1.95553","30.06322","Kigali","Nyarugenge","25.69","1669877282","Isibo","1"
"1669877337","4747","Kiyovu","Nyarugenge","64","-1.95552","30.06385","Kigali","Nyarugenge","25.75","1669877337","Isibo","1"
"1669877351","4411","Kiyovu","Nyarugenge","99","-1.95553","30.06396","Kigali","Nyarugenge","25.69","1669877351","Isibo","1"
"1669877356","5036","Kiyovu","Nyarugenge","110","-1.95552","30.06314","Kigali","Nyarugenge","25.69","1669877356","Isibo","1"
"1669877362","4037","Kiyovu","Nyarugenge","21","-1.95553","30.06351","Kigali","Nyarugenge","27.25","1669877362","Isibo","1"
"1669877365","4671","Kiyovu","Nyarugenge","120","-1.95552","30.06347","Kigali","Nyarugenge","27.88","1669877365","Isibo","1"
"1669877368","4846","Kiyovu","Nyarugenge","28","-1.95552","30.06406","Kigali","Nyarugenge","28.19","1669877368","Isibo","1"
"1669877373","4395","Kiyovu","Nyarugenge","65","-1.95552","30.06402","Kigali","Nyarugenge","28.56","1669877373","Isibo","1"
"1669877378","5002","Kiyovu","Nyarugenge","32","-1.95553","30.06326","Kigali","Nyarugenge","28.94","1669877378","Isibo","1"
"1669877391","4807","Kiyovu","Nyarugenge","56","-1.95552","30.06396","Kigali","Nyarugenge","29.69","1669877391","Isibo","1"
"1669877400","5070","Kiyovu","Nyarugenge","99","-1.95552","30.06351","Kigali","Nyarugenge","29.44","1669877400","Isibo","1"
"1669877403","4165","Kiyovu","Nyarugenge","41","-1.95552","30.06402","Kigali","Nyarugenge","29.25","1669877403","Isibo","1"
"1669877406","4676","Kiyovu","Nyarugenge","41","-1.95552","30.06334","Kigali","Nyarugenge","29.13","1669877406","Isibo","1"
"1669877410","4759","Kiyovu","Nyarugenge","43","-1.95552","30.06406","Kigali","Nyarugenge","29.00","1669877410","Isibo","1"
"1669877422","5000","Kiyovu","Nyarugenge","33","-1.95551","30.06362","Kigali","Nyarugenge","28.56","1669877422","Isibo","1"
"1669877425","4715","Kiyovu","Nyarugenge","92","-1.95551","30.06314","Kigali","Nyarugenge","28.50","1669877425","Isibo","1"
"1669877431","4837","Kiyovu","Nyarugenge","42","-1.95552","30.06404","Kigali","Nyarugenge","28.38","1669877431","Isibo","1"
"1669877434","5076","Kiyovu","Nyarugenge","115","-1.95553","30.06333","Kigali","Nyarugenge","28.31","1669877434","Isibo","1"
"1669877437","4942","Kiyovu","Nyarugenge","25","-1.95553","30.0633","Kigali","Nyarugenge","28.19","1669877437","Isibo","1"
"1669877440","4436","Kiyovu","Nyarugenge","39","-1.95552","30.0634","Kigali","Nyarugenge","28.13","1669877440","Isibo","1"
"1669877445","4800","Kiyovu","Nyarugenge","119","-1.95552","30.06368","Kigali","Nyarugenge","28.06","1669877445","Isibo","1"
"1669877448","4824","Kiyovu","Nyarugenge","100","-1.95551","30.06395","Kigali","Nyarugenge","27.94","1669877448","Isibo","1"
"1669877453","4316","Kiyovu","Nyarugenge","105","-1.95551","30.06385","Kigali","Nyarugenge","27.88","1669877453","Isibo","1"
"1669877456","4960","Kiyovu","Nyarugenge","40","-1.95553","30.06334","Kigali","Nyarugenge","27.81","1669877456","Isibo","1"
"1669877459","4079","Kiyovu","Nyarugenge","24","-1.95552","30.06355","Kigali","Nyarugenge","27.75","1669877459","Isibo","1"
"1669877464","4757","Kiyovu","Nyarugenge","54","-1.95553","30.06409","Kigali","Nyarugenge","27.69","1669877464","Isibo","1"
"1669877467","4079","Kiyovu","Nyarugenge","83","-1.95552","30.06351","Kigali","Nyarugenge","27.63","1669877467","Isibo","1"
"1669877471","4364","Kiyovu","Nyarugenge","95","-1.95552","30.06372","Kigali","Nyarugenge","27.56","1669877471","Isibo","1"
"1669877475","4282","Kiyovu","Nyarugenge","83","-1.95553","30.06358","Kigali","Nyarugenge","27.50","1669877475","Isibo","1"
"1669877478","4358","Kiyovu","Nyarugenge","78","-1.95552","30.06401","Kigali","Nyarugenge","27.44","1669877478","Isibo","1"
"1669877482","4504","Kiyovu","Nyarugenge","128","-1.95551","30.06403","Kigali","Nyarugenge","27.38","1669877482","Isibo","1"
"1669877485","4487","Kiyovu","Nyarugenge","75","-1.95553","30.06404","Kigali","Nyarugenge","27.38","1669877485","Isibo","1"
"1669877488","4242","Kiyovu","Nyarugenge","90","-1.95553","30.06334","Kigali","Nyarugenge","27.31","1669877488","Isibo","1"
"1669877504","4404","Kiyovu","Nyarugenge","55","-1.95552","30.06396","Kigali","Nyarugenge","27.06","1669877504","Isibo","1"
"1669877517","4515","Kiyovu","Nyarugenge","91","-1.95552","30.06335","Kigali","Nyarugenge","26.88","1669877517","Isibo","1"
"1669877521","4320","Kiyovu","Nyarugenge","26","-1.95551","30.06385","Kigali","Nyarugenge","26.81","1669877521","Isibo","1"
"1669877527","4712","Kiyovu","Nyarugenge","90","-1.95553","30.06386","Kigali","Nyarugenge","26.81","1669877526","Isibo","1"
"1669877530","4925","Kiyovu","Nyarugenge","71","-1.95552","30.0641","Kigali","Nyarugenge","26.75","1669877530","Isibo","1"
"1669877533","4543","Kiyovu","Nyarugenge","87","-1.95552","30.06316","Kigali","Nyarugenge","26.75","1669877533","Isibo","1"
"1669877536","4063","Kiyovu","Nyarugenge","73","-1.95551","30.06372","Kigali","Nyarugenge","26.69","1669877536","Isibo","1"
"1669877541","4373","Kiyovu","Nyarugenge","80","-1.95552","30.06372","Kigali","Nyarugenge","26.63","1669877541","Isibo","1"
"1669877693","5232","Kiyovu","Nyarugenge","77","-1.95551","30.06344","Kigali","Nyarugenge","25.56","1669877693","Isibo","1"
"1669877712","5157","Kiyovu","Nyarugenge","89","-1.95551","30.06314","Kigali","Nyarugenge","25.44","1669877712","Isibo","1"
"1669877715","5473","Kiyovu","Nyarugenge","88","-1.95552","30.06349","Kigali","Nyarugenge","25.44","1669877715","Isibo","1"
"1669877718","5589","Kiyovu","Nyarugenge","88","-1.95553","30.06364","Kigali","Nyarugenge","25.44","1669877718","Isibo","1"
"1669877723","5280","Kiyovu","Nyarugenge","67","-1.95553","30.06336","Kigali","Nyarugenge","25.44","1669877723","Isibo","1"
"1669877727","5786","Kiyovu","Nyarugenge","70","-1.95552","30.06394","Kigali","Nyarugenge","25.44","1669877727","Isibo","1"
"1669877730","5324","Kiyovu","Nyarugenge","81","-1.95553","30.06375","Kigali","Nyarugenge","25.44","1669877730","Isibo","1"
"1669877734","5382","Kiyovu","Nyarugenge","73","-1.95551","30.06325","Kigali","Nyarugenge","25.44","1669877734","Isibo","1"
"1669877740","5628","Kiyovu","Nyarugenge","89","-1.95552","30.06408","Kigali","Nyarugenge","25.44","1669877740","Isibo","1"
"1669877743","5353","Kiyovu","Nyarugenge","78","-1.95553","30.06403","Kigali","Nyarugenge","25.44","1669877743","Isibo","1"
"1669877750","5736","Kiyovu","Nyarugenge","82","-1.95552","30.06335","Kigali","Nyarugenge","25.38","1669877750","Isibo","1"
"1669877767","5699","Kiyovu","Nyarugenge","73","-1.95553","30.06385","Kigali","Nyarugenge","25.31","1669877767","Isibo","1"
"1669877774","5776","Kiyovu","Nyarugenge","89","-1.95553","30.06349","Kigali","Nyarugenge","25.38","1669877774","Isibo","1"
"1669877779","5875","Kiyovu","Nyarugenge","74","-1.95551","30.06367","Kigali","Nyarugenge","25.38","1669877779","Isibo","1"
"1669877782","5671","Kiyovu","Nyarugenge","80","-1.95552","30.06389","Kigali","Nyarugenge","25.31","1669877782","Isibo","1"
"1669877786","5758","Kiyovu","Nyarugenge","74","-1.95551","30.06397","Kigali","Nyarugenge","25.38","1669877786","Isibo","1"
"1669877789","5195","Kiyovu","Nyarugenge","82","-1.95552","30.06329","Kigali","Nyarugenge","25.31","1669877789","Isibo","1"
"1669877793","5228","Kiyovu","Nyarugenge","82","-1.95551","30.06386","Kigali","Nyarugenge","25.31","1669877793","Isibo","1"
"1669877803","5885","Kiyovu","Nyarugenge","97","-1.95552","30.06319","Kigali","Nyarugenge","25.31","1669877803","Isibo","1"
"1669877806","5660","Kiyovu","Nyarugenge","92","-1.95552","30.06359","Kigali","Nyarugenge","25.31","1669877806","Isibo","1"
"1669877812","5587","Kiyovu","Nyarugenge","90","-1.95553","30.06325","Kigali","Nyarugenge","25.31","1669877812","Isibo","1"
"1669877817","5120","Kiyovu","Nyarugenge","65","-1.95552","30.06405","Kigali","Nyarugenge","25.31","1669877817","Isibo","1"
"1669877822","5754","Kiyovu","Nyarugenge","79","-1.95552","30.06368","Kigali","Nyarugenge","25.31","1669877822","Isibo","1"
"1669877859","5714","Kiyovu","Nyarugenge","65","-1.95552","30.06339","Kigali","Nyarugenge","25.25","1669877859","Isibo","1"
"1669877875","5836","Kiyovu","Nyarugenge","84","-1.95552","30.06394","Kigali","Nyarugenge","25.19","1669877875","Isibo","1"
"1669877881","5825","Kiyovu","Nyarugenge","86","-1.95552","30.06326","Kigali","Nyarugenge","25.25","1669877881","Isibo","1"
"1669877884","5113","Kiyovu","Nyarugenge","90","-1.95551","30.06325","Kigali","Nyarugenge","25.19","1669877884","Isibo","1"
"1669877890","5752","Kiyovu","Nyarugenge","64","-1.95552","30.06315","Kigali","Nyarugenge","25.19","1669877890","Isibo","1"
"1669877893","5869","Kiyovu","Nyarugenge","90","-1.95552","30.06394","Kigali","Nyarugenge","25.19","1669877893","Isibo","1"
"1669877897","5706","Kiyovu","Nyarugenge","65","-1.95553","30.06395","Kigali","Nyarugenge","25.19","1669877897","Isibo","1"
"1669877900","5491","Kiyovu","Nyarugenge","73","-1.95553","30.06368","Kigali","Nyarugenge","25.13","1669877900","Isibo","1"
"1669877903","5909","Kiyovu","Nyarugenge","75","-1.95553","30.06401","Kigali","Nyarugenge","25.19","1669877903","Isibo","1"
"1669877910","5607","Kiyovu","Nyarugenge","94","-1.95553","30.06379","Kigali","Nyarugenge","25.06","1669877910","Isibo","1"
"1669877915","5316","Kiyovu","Nyarugenge","79","-1.95552","30.0636","Kigali","Nyarugenge","25.06","1669877915","Isibo","1"
"1669877971","5046","Kiyovu","Nyarugenge","85","-1.95553","30.06402","Kigali","Nyarugenge","24.94","1669877971","Isibo","1"
"1669877980","5053","Kiyovu","Nyarugenge","69","-1.95552","30.06333","Kigali","Nyarugenge","24.94","1669877980","Isibo","1"
"1669877990","5031","Kiyovu","Nyarugenge","95","-1.95551","30.06369","Kigali","Nyarugenge","24.88","1669877990","Isibo","1"
"1669878000","5038","Kiyovu","Nyarugenge","60","-1.95552","30.06371","Kigali","Nyarugenge","24.88","1669878000","Isibo","1"
"1669878010","5070","Kiyovu","Nyarugenge","92","-1.95553","30.06318","Kigali","Nyarugenge","24.88","1669878010","Isibo","1"
"1669878020","5057","Kiyovu","Nyarugenge","69","-1.95552","30.06407","Kigali","Nyarugenge","24.88","1669878020","Isibo","1"
"1669878030","5040","Kiyovu","Nyarugenge","97","-1.95552","30.06366","Kigali","Nyarugenge","24.88","1669878030","Isibo","1"
"1669878042","5074","Kiyovu","Nyarugenge","67","-1.95553","30.06405","Kigali","Nyarugenge","24.88","1669878042","Isibo","1"
"1669878050","5042","Kiyovu","Nyarugenge","81","-1.95553","30.06341","Kigali","Nyarugenge","24.81","1669878050","Isibo","1"
"1669878060","5050","Kiyovu","Nyarugenge","91","-1.95551","30.06329","Kigali","Nyarugenge","24.88","1669878060","Isibo","1"
"1669878090","5036","Kiyovu","Nyarugenge","68","-1.95551","30.06374","Kigali","Nyarugenge","25.00","1669878090","Isibo","1"
"1669878104","5041","Kiyovu","Nyarugenge","76","-1.95552","30.06312","Kigali","Nyarugenge","25.06","1669878104","Isibo","1"
"1669878114","5074","Kiyovu","Nyarugenge","62","-1.95553","30.0636","Kigali","Nyarugenge","25.06","1669878114","Isibo","1"
"1669878186","5057","Kiyovu","Nyarugenge","87","-1.95552","30.06328","Kigali","Nyarugenge","25.00","20","Isibo","1"
"1669878194","5055","Kiyovu","Nyarugenge","73","-1.95552","30.06383","Kigali","Nyarugenge","24.94","1669878194","Isibo","1"
"1669879400","5055","Kiyovu","Nyarugenge","63","-1.95551","30.06349","Kigali","Nyarugenge","24.19","1669879400","Isibo","1"
"1669879409","5056","Kiyovu","Nyarugenge","64","-1.95552","30.06357","Kigali","Nyarugenge","24.25","1669879409","Isibo","1"
"1669879419","5058","Kiyovu","Nyarugenge","64","-1.95552","30.06337","Kigali","Nyarugenge","24.25","1669879419","Isibo","1"
"1669879429","5058","Kiyovu","Nyarugenge","60","-1.95552","30.06405","Kigali","Nyarugenge","24.13","1669879429","Isibo","1"
"1669879439","5052","Kiyovu","Nyarugenge","62","-1.95552","30.06379","Kigali","Nyarugenge","24.13","1669879439","Isibo","1"
"1669879449","5053","Kiyovu","Nyarugenge","67","-1.95552","30.06346","Kigali","Nyarugenge","24.13","1669879449","Isibo","1"
"1669879463","5054","Kiyovu","Nyarugenge","62","-1.95552","30.06339","Kigali","Nyarugenge","24.06","1669879462","Isibo","1"
"1669879471","5051","Kiyovu","Nyarugenge","67","-1.95553","30.06347","Kigali","Nyarugenge","24.00","1669879471","Isibo","1"
"1669879481","5055","Kiyovu","Nyarugenge","64","-1.95552","30.06322","Kigali","Nyarugenge","23.94","1669879481","Isibo","1"
"1669879491","5056","Kiyovu","Nyarugenge","69","-1.95553","30.06357","Kigali","Nyarugenge","23.94","1669879491","Isibo","1"
"1669879501","5055","Kiyovu","Nyarugenge","65","-1.95553","30.06346","Kigali","Nyarugenge","24.00","1669879501","Isibo","1"
"1669879511","5054","Kiyovu","Nyarugenge","66","-1.95553","30.06333","Kigali","Nyarugenge","23.94","1669879511","Isibo","1"
"1669879521","5053","Kiyovu","Nyarugenge","61","-1.95553","30.06395","Kigali","Nyarugenge","23.94","1669879521","Isibo","1"
"1669879532","5058","Kiyovu","Nyarugenge","68","-1.95552","30.06317","Kigali","Nyarugenge","23.94","1669879532","Isibo","1"
"1669879541","5056","Kiyovu","Nyarugenge","68","-1.95552","30.06314","Kigali","Nyarugenge","23.94","1669879541","Isibo","1"
"1669879551","5056","Kiyovu","Nyarugenge","69","-1.95553","30.06334","Kigali","Nyarugenge","23.94","1669879551","Isibo","1"
"1669879561","5053","Kiyovu","Nyarugenge","68","-1.95552","30.06349","Kigali","Nyarugenge","23.94","1669879561","Isibo","1"
"1669879623","5051","Kiyovu","Nyarugenge","67","-1.95552","30.06374","Kigali","Nyarugenge","23.88","1669879623","Isibo","1"
"1669879656","5054","Kiyovu","Nyarugenge","61","-1.95551","30.06322","Kigali","Nyarugenge","23.88","1669879656","Isibo","1"
"1669879677","5051","Kiyovu","Nyarugenge","63","-1.95552","30.06329","Kigali","Nyarugenge","23.88","1669879677","Isibo","1"
"1669879686","5051","Kiyovu","Nyarugenge","61","-1.95552","30.06362","Kigali","Nyarugenge","23.88","1669879686","Isibo","1"
"1669879696","5052","Kiyovu","Nyarugenge","60","-1.95553","30.0636","Kigali","Nyarugenge","23.94","1669879696","Isibo","1"
"1669879706","5058","Kiyovu","Nyarugenge","67","-1.95552","30.06408","Kigali","Nyarugenge","24.00","1669879706","Isibo","1"
"1669879716","5057","Kiyovu","Nyarugenge","65","-1.95552","30.06337","Kigali","Nyarugenge","23.94","1669879716","Isibo","1"
"1669879726","5054","Kiyovu","Nyarugenge","64","-1.95553","30.06364","Kigali","Nyarugenge","23.94","1669879726","Isibo","1"
"1669879736","5052","Kiyovu","Nyarugenge","63","-1.95552","30.06313","Kigali","Nyarugenge","23.88","1669879736","Isibo","1"
"1669879748","5053","Kiyovu","Nyarugenge","68","-1.95553","30.06393","Kigali","Nyarugenge","24.00","1669879748","Isibo","1"
"1669879759","5051","Kiyovu","Nyarugenge","62","-1.95552","30.06378","Kigali","Nyarugenge","24.00","1669879759","Isibo","1"
"1669879769","5052","Kiyovu","Nyarugenge","66","-1.95551","30.06314","Kigali","Nyarugenge","24.06","1669879769","Isibo","1"
"1669879779","5054","Kiyovu","Nyarugenge","64","-1.95551","30.06404","Kigali","Nyarugenge","24.06","1669879779","Isibo","1"
"1669879839","5057","Kiyovu","Nyarugenge","69","-1.95553","30.06342","Kigali","Nyarugenge","24.25","1669879839","Isibo","1"
"1669879851","5059","Kiyovu","Nyarugenge","60","-1.95553","30.06318","Kigali","Nyarugenge","24.31","1669879851","Isibo","1"
"1669879861","5053","Kiyovu","Nyarugenge","68","-1.95553","30.06311","Kigali","Nyarugenge","24.38","1669879861","Isibo","1"
"1669879871","5055","Kiyovu","Nyarugenge","62","-1.95551","30.06312","Kigali","Nyarugenge","24.38","1669879871","Isibo","1"
"1669879881","5052","Kiyovu","Nyarugenge","62","-1.95552","30.06324","Kigali","Nyarugenge","24.44","1669879881","Isibo","1"
"1669879893","5055","Kiyovu","Nyarugenge","63","-1.95553","30.06371","Kigali","Nyarugenge","24.44","1669879892","Isibo","1"
"1669879901","5056","Kiyovu","Nyarugenge","63","-1.95552","30.06376","Kigali","Nyarugenge","24.38","1669879901","Isibo","1"
"1669879911","5050","Kiyovu","Nyarugenge","66","-1.95552","30.06335","Kigali","Nyarugenge","24.31","1669879911","Isibo","1"
"1669879921","5059","Kiyovu","Nyarugenge","61","-1.95551","30.06313","Kigali","Nyarugenge","24.31","1669879921","Isibo","1"
"1669879931","5057","Kiyovu","Nyarugenge","63","-1.95551","30.06367","Kigali","Nyarugenge","24.44","1669879931","Isibo","1"
"1669879941","5057","Kiyovu","Nyarugenge","68","-1.95553","30.06376","Kigali","Nyarugenge","24.50","1669879941","Isibo","1"
"1669879951","5052","Kiyovu","Nyarugenge","62","-1.95552","30.06387","Kigali","Nyarugenge","24.63","1669879951","Isibo","1"
"1669879962","5050","Kiyovu","Nyarugenge","66","-1.95552","30.06403","Kigali","Nyarugenge","24.56","1669879962","Isibo","1"
"1669879972","5057","Kiyovu","Nyarugenge","68","-1.95553","30.0633","Kigali","Nyarugenge","24.50","1669879972","Isibo","1"
"1669879982","5059","Kiyovu","Nyarugenge","64","-1.95553","30.06339","Kigali","Nyarugenge","24.50","1669879982","Isibo","1"
"1669879992","5056","Kiyovu","Nyarugenge","63","-1.95553","30.06398","Kigali","Nyarugenge","24.50","1669879992","Isibo","1"
"1669880002","5055","Kiyovu","Nyarugenge","65","-1.95552","30.0639","Kigali","Nyarugenge","24.44","1669880002","Isibo","1"
"1669880012","5057","Kiyovu","Nyarugenge","65","-1.95553","30.06324","Kigali","Nyarugenge","24.38","1669880012","Isibo","1"
"1669880023","5052","Kiyovu","Nyarugenge","67","-1.95552","30.0638","Kigali","Nyarugenge","24.38","1669880023","Isibo","1"
"1669880042","5052","Kiyovu","Nyarugenge","63","-1.95551","30.06366","Kigali","Nyarugenge","24.38","1669880042","Isibo","1"
"1669880052","5050","Kiyovu","Nyarugenge","66","-1.95552","30.06364","Kigali","Nyarugenge","24.44","1669880052","Isibo","1"
"1669880062","5050","Kiyovu","Nyarugenge","63","-1.95552","30.06367","Kigali","Nyarugenge","24.50","1669880062","Isibo","1"
"1669880072","5057","Kiyovu","Nyarugenge","68","-1.95552","30.06408","Kigali","Nyarugenge","24.56","1669880072","Isibo","1"
"1669880104","5053","Kiyovu","Nyarugenge","64","-1.95551","30.06336","Kigali","Nyarugenge","24.69","1669880104","Isibo","1"
"1669880115","5058","Kiyovu","Nyarugenge","64","-1.95552","30.06371","Kigali","Nyarugenge","24.69","1669880115","Isibo","1"
"1669880125","5056","Kiyovu","Nyarugenge","63","-1.95553","30.0641","Kigali","Nyarugenge","24.75","1669880125","Isibo","1"
"1669880136","5052","Kiyovu","Nyarugenge","60","-1.95552","30.0632","Kigali","Nyarugenge","24.69","1669880136","Isibo","1"
"1669880146","5054","Kiyovu","Nyarugenge","68","-1.95553","30.06342","Kigali","Nyarugenge","24.63","1669880146","Isibo","1"
"1669880156","5055","Kiyovu","Nyarugenge","69","-1.95552","30.06355","Kigali","Nyarugenge","26.06","1669880156","Isibo","1"
"1669880166","5055","Kiyovu","Nyarugenge","65","-1.95552","30.06379","Kigali","Nyarugenge","26.81","1669880166","Isibo","1"
"1669880176","5054","Kiyovu","Nyarugenge","68","-1.95551","30.06353","Kigali","Nyarugenge","26.56","1669880176","Isibo","1"
"1669880186","5050","Kiyovu","Nyarugenge","64","-1.95552","30.06314","Kigali","Nyarugenge","26.25","1669880186","Isibo","1"
"1669880226","5050","Kiyovu","Nyarugenge","66","-1.95553","30.06342","Kigali","Nyarugenge","25.38","1669880226","Isibo","1"
"1669880236","5058","Kiyovu","Nyarugenge","62","-1.95553","30.06356","Kigali","Nyarugenge","25.31","1669880236","Isibo","1"
"1669880246","5054","Kiyovu","Nyarugenge","67","-1.95553","30.06371","Kigali","Nyarugenge","25.13","1669880246","Isibo","1"
"1669880256","5058","Kiyovu","Nyarugenge","62","-1.95552","30.0634","Kigali","Nyarugenge","25.00","1669880256","Isibo","1"
"1669880266","5054","Kiyovu","Nyarugenge","68","-1.95551","30.06315","Kigali","Nyarugenge","24.88","1669880266","Isibo","1"
"1669880277","5053","Kiyovu","Nyarugenge","62","-1.95553","30.06372","Kigali","Nyarugenge","24.81","1669880277","Isibo","1"
"1669880299","5055","Kiyovu","Nyarugenge","65","-1.95551","30.06346","Kigali","Nyarugenge","24.69","1669880299","Isibo","1"
"1669880316","5050","Kiyovu","Nyarugenge","62","-1.95552","30.06379","Kigali","Nyarugenge","24.63","1669880316","Isibo","1"
"1669880326","5059","Kiyovu","Nyarugenge","61","-1.95552","30.06351","Kigali","Nyarugenge","24.63","1669880326","Isibo","1"
"1669880336","5059","Kiyovu","Nyarugenge","66","-1.95553","30.06352","Kigali","Nyarugenge","24.56","1669880336","Isibo","1"
"1669881183","5062","Kiyovu","Nyarugenge","73","-1.95552","30.06367","Kigali","Nyarugenge","10.25","1669881183","Isibo","1"
"1669881590","5055","Kiyovu","Nyarugenge","63","-1.95552","30.0633","Kigali","Nyarugenge","24.38","1669881588","Isibo","1"
"1669881603","5055","Kiyovu","Nyarugenge","64","-1.95552","30.06387","Kigali","Nyarugenge","24.38","1669881602","Isibo","1"
"1669881611","5056","Kiyovu","Nyarugenge","65","-1.95551","30.06411","Kigali","Nyarugenge","24.44","1669881611","Isibo","1"
"1669881690","5059","Kiyovu","Nyarugenge","65","-1.95553","30.06335","Kigali","Nyarugenge","24.50","1669881690","Isibo","1"
"1669881711","5058","Kiyovu","Nyarugenge","64","-1.95553","30.0634","Kigali","Nyarugenge","24.50","1669881711","Isibo","1"
"1669881777","5057","Kiyovu","Nyarugenge","62","-1.95553","30.06397","Kigali","Nyarugenge","24.63","1669881776","Isibo","1"
"1669882035","5055","Kiyovu","Nyarugenge","62","-1.95551","30.06361","Kigali","Nyarugenge","31.94","1669882030","Isibo","1"
"1669882040","5059","Kiyovu","Nyarugenge","64","-1.95552","30.0635","Kigali","Nyarugenge","30.94","1669882040","Isibo","1"
"1669882050","5059","Kiyovu","Nyarugenge","63","-1.95551","30.06339","Kigali","Nyarugenge","30.69","1669882050","Isibo","1"
"1669882060","5051","Kiyovu","Nyarugenge","65","-1.95553","30.06396","Kigali","Nyarugenge","30.38","1669882060","Isibo","1"
"1669882070","5058","Kiyovu","Nyarugenge","66","-1.95551","30.06393","Kigali","Nyarugenge","30.19","1669882070","Isibo","1"
"1669882080","5051","Kiyovu","Nyarugenge","68","-1.95552","30.0636","Kigali","Nyarugenge","29.88","1669882080","Isibo","1"
"1669882090","5051","Kiyovu","Nyarugenge","68","-1.95552","30.06368","Kigali","Nyarugenge","29.50","1669882090","Isibo","1"
"1669882102","5053","Kiyovu","Nyarugenge","60","-1.95553","30.06361","Kigali","Nyarugenge","29.25","1669882101","Isibo","1"
"1669882110","5057","Kiyovu","Nyarugenge","67","-1.95553","30.06346","Kigali","Nyarugenge","30.38","1669882110","Isibo","1"
"1669882120","5056","Kiyovu","Nyarugenge","60","-1.95551","30.06311","Kigali","Nyarugenge","31.44","1669882120","Isibo","1"
"1669882130","5055","Kiyovu","Nyarugenge","68","-1.95551","30.06359","Kigali","Nyarugenge","32.19","1669882130","Isibo","1"
"1669882140","5053","Kiyovu","Nyarugenge","62","-1.95552","30.06357","Kigali","Nyarugenge","32.31","1669882140","Isibo","1"
"1669882150","5057","Kiyovu","Nyarugenge","67","-1.95552","30.06404","Kigali","Nyarugenge","33.06","1669882150","Isibo","1"
"1669882160","5052","Kiyovu","Nyarugenge","64","-1.95552","30.06344","Kigali","Nyarugenge","33.13","1669882160","Isibo","1"
"1669882170","5057","Kiyovu","Nyarugenge","64","-1.95553","30.06407","Kigali","Nyarugenge","32.56","1669882171","Isibo","1"
"1669882178","5059","Kiyovu","Nyarugenge","62","-1.95552","30.06393","Kigali","Nyarugenge","32.38","1669882178","Isibo","1"
"1669882188","5056","Kiyovu","Nyarugenge","68","-1.95553","30.06325","Kigali","Nyarugenge","33.75","1669882188","Isibo","1"
"1669882198","5054","Kiyovu","Nyarugenge","67","-1.95552","30.06351","Kigali","Nyarugenge","34.31","1669882198","Isibo","1"
"1669882208","5051","Kiyovu","Nyarugenge","62","-1.95551","30.06323","Kigali","Nyarugenge","34.44","1669882208","Isibo","1"
"1669882218","5058","Kiyovu","Nyarugenge","60","-1.95552","30.06389","Kigali","Nyarugenge","34.63","1669882218","Isibo","1"
"1669882228","5054","Kiyovu","Nyarugenge","63","-1.95551","30.06313","Kigali","Nyarugenge","33.69","1669882228","Isibo","1"
"1669882241","5059","Kiyovu","Nyarugenge","66","-1.95552","30.06337","Kigali","Nyarugenge","34.00","1669882240","Isibo","1"
"1669882250","5050","Kiyovu","Nyarugenge","60","-1.95551","30.06384","Kigali","Nyarugenge","33.81","1669882250","Isibo","1"
"1669882259","5055","Kiyovu","Nyarugenge","68","-1.95552","30.06375","Kigali","Nyarugenge","33.06","1669882259","Isibo","1"
"1669882269","5058","Kiyovu","Nyarugenge","65","-1.95553","30.06373","Kigali","Nyarugenge","34.19","1669882269","Isibo","1"
"1669882279","5057","Kiyovu","Nyarugenge","67","-1.95552","30.06339","Kigali","Nyarugenge","34.81","1669882279","Isibo","1"
"1669882289","5057","Kiyovu","Nyarugenge","66","-1.95553","30.06314","Kigali","Nyarugenge","35.13","1669882289","Isibo","1"
"1669882299","5057","Kiyovu","Nyarugenge","65","-1.95552","30.06334","Kigali","Nyarugenge","35.38","1669882299","Isibo","1"
"1669882309","5053","Kiyovu","Nyarugenge","60","-1.95553","30.06363","Kigali","Nyarugenge","35.56","1669882309","Isibo","1"
"1669882320","5054","Kiyovu","Nyarugenge","67","-1.95552","30.06379","Kigali","Nyarugenge","35.44","1669882320","Isibo","1"
"1669882330","5057","Kiyovu","Nyarugenge","66","-1.95551","30.06325","Kigali","Nyarugenge","33.63","1669882330","Isibo","1"
"1669882340","5053","Kiyovu","Nyarugenge","62","-1.95552","30.06352","Kigali","Nyarugenge","33.25","1669882340","Isibo","1"
"1669882350","5056","Kiyovu","Nyarugenge","62","-1.95552","30.06321","Kigali","Nyarugenge","33.00","1669882350","Isibo","1"
"1669882360","5052","Kiyovu","Nyarugenge","65","-1.95551","30.0634","Kigali","Nyarugenge","32.75","1669882360","Isibo","1"
"1669882370","5059","Kiyovu","Nyarugenge","60","-1.95552","30.06394","Kigali","Nyarugenge","32.50","1669882370","Isibo","1"
"1669882380","5059","Kiyovu","Nyarugenge","67","-1.95553","30.06337","Kigali","Nyarugenge","32.25","1669882380","Isibo","1"
"1669882390","5050","Kiyovu","Nyarugenge","63","-1.95552","30.06375","Kigali","Nyarugenge","32.06","1669882390","Isibo","1"
"1669882400","5058","Kiyovu","Nyarugenge","60","-1.95553","30.06375","Kigali","Nyarugenge","31.81","1669882400","Isibo","1"
"1669882410","5056","Kiyovu","Nyarugenge","66","-1.95553","30.06347","Kigali","Nyarugenge","31.63","1669882410","Isibo","1"
"1669882420","5051","Kiyovu","Nyarugenge","62","-1.95553","30.06356","Kigali","Nyarugenge","31.50","1669882420","Isibo","1"
"1669882430","5056","Kiyovu","Nyarugenge","65","-1.95552","30.06404","Kigali","Nyarugenge","31.31","1669882430","Isibo","1"
"1669882440","5053","Kiyovu","Nyarugenge","64","-1.95551","30.0638","Kigali","Nyarugenge","31.19","1669882440","Isibo","1"
"1669882449","5051","Kiyovu","Nyarugenge","69","-1.95553","30.06406","Kigali","Nyarugenge","31.06","1669882449","Isibo","1"
"1669882459","5050","Kiyovu","Nyarugenge","69","-1.95553","30.06409","Kigali","Nyarugenge","30.88","1669882459","Isibo","1"
"1669882469","5056","Kiyovu","Nyarugenge","69","-1.95551","30.06313","Kigali","Nyarugenge","30.75","1669882469","Isibo","1"
"1669882479","5057","Kiyovu","Nyarugenge","69","-1.95552","30.06334","Kigali","Nyarugenge","30.63","1669882479","Isibo","1"
"1669882489","5059","Kiyovu","Nyarugenge","69","-1.95551","30.06402","Kigali","Nyarugenge","30.63","1669882489","Isibo","1"
"1669882499","5051","Kiyovu","Nyarugenge","68","-1.95552","30.06379","Kigali","Nyarugenge","30.19","1669882499","Isibo","1"
"1669882511","5056","Kiyovu","Nyarugenge","69","-1.95552","30.06374","Kigali","Nyarugenge","29.94","1669882510","Isibo","1"
"1669882520","5053","Kiyovu","Nyarugenge","64","-1.95552","30.06312","Kigali","Nyarugenge","29.75","1669882520","Isibo","1"
"1669882530","5055","Kiyovu","Nyarugenge","62","-1.95551","30.06352","Kigali","Nyarugenge","29.56","1669882530","Isibo","1"
"1669882540","5056","Kiyovu","Nyarugenge","69","-1.95552","30.06377","Kigali","Nyarugenge","29.44","1669882540","Isibo","1"
"1669882550","5051","Kiyovu","Nyarugenge","66","-1.95552","30.06373","Kigali","Nyarugenge","29.38","1669882550","Isibo","1"
"1669882560","5054","Kiyovu","Nyarugenge","68","-1.95553","30.06323","Kigali","Nyarugenge","29.25","1669882560","Isibo","1"
"1669882570","5050","Kiyovu","Nyarugenge","62","-1.95552","30.06402","Kigali","Nyarugenge","29.13","1669882570","Isibo","1"
"1669882584","5059","Kiyovu","Nyarugenge","67","-1.95551","30.06357","Kigali","Nyarugenge","29.00","1669882584","Isibo","1"
"1669882590","5057","Kiyovu","Nyarugenge","66","-1.95553","30.06391","Kigali","Nyarugenge","28.88","1669882590","Isibo","1"
"1669882600","5050","Kiyovu","Nyarugenge","62","-1.95551","30.06362","Kigali","Nyarugenge","28.69","1669882600","Isibo","1"
"1669882610","5054","Kiyovu","Nyarugenge","69","-1.95552","30.06325","Kigali","Nyarugenge","28.50","1669882610","Isibo","1"
"1669882620","5052","Kiyovu","Nyarugenge","62","-1.95552","30.06363","Kigali","Nyarugenge","28.44","1669882620","Isibo","1"
"1669882630","5058","Kiyovu","Nyarugenge","62","-1.95553","30.06339","Kigali","Nyarugenge","28.38","1669882630","Isibo","1"
"1669882640","5054","Kiyovu","Nyarugenge","64","-1.95552","30.06401","Kigali","Nyarugenge","28.38","1669882640","Isibo","1"
"1669882650","5059","Kiyovu","Nyarugenge","67","-1.95552","30.06396","Kigali","Nyarugenge","28.38","1669882651","Isibo","1"
"1669882658","5053","Kiyovu","Nyarugenge","65","-1.95553","30.06399","Kigali","Nyarugenge","28.38","1669882658","Isibo","1"
"1669882668","5051","Kiyovu","Nyarugenge","67","-1.95552","30.06338","Kigali","Nyarugenge","28.31","1669882668","Isibo","1"
"1669882678","5050","Kiyovu","Nyarugenge","68","-1.95551","30.06382","Kigali","Nyarugenge","28.25","1669882678","Isibo","1"
"1669882688","5052","Kiyovu","Nyarugenge","65","-1.95551","30.06329","Kigali","Nyarugenge","28.25","1669882688","Isibo","1"
"1669882701","5055","Kiyovu","Nyarugenge","64","-1.95552","30.06334","Kigali","Nyarugenge","28.25","1669882701","Isibo","1"
"1669882716","5052","Kiyovu","Nyarugenge","69","-1.95551","30.06331","Kigali","Nyarugenge","28.31","1669882716","Isibo","1"
"1669882722","5058","Kiyovu","Nyarugenge","61","-1.95553","30.0638","Kigali","Nyarugenge","28.38","1669882722","Isibo","1"
"1669882732","5059","Kiyovu","Nyarugenge","65","-1.95552","30.06391","Kigali","Nyarugenge","28.44","1669882732","Isibo","1"
"1669882742","5054","Kiyovu","Nyarugenge","64","-1.95552","30.06351","Kigali","Nyarugenge","28.50","1669882742","Isibo","1"
"1669882752","5053","Kiyovu","Nyarugenge","62","-1.95551","30.06365","Kigali","Nyarugenge","28.50","1669882752","Isibo","1"
"1669882762","5050","Kiyovu","Nyarugenge","61","-1.95553","30.06406","Kigali","Nyarugenge","28.56","1669882762","Isibo","1"
"1669882772","5057","Kiyovu","Nyarugenge","62","-1.95551","30.06318","Kigali","Nyarugenge","28.63","1669882772","Isibo","1"
"1669882783","5052","Kiyovu","Nyarugenge","63","-1.95551","30.06393","Kigali","Nyarugenge","28.63","1669882783","Isibo","1"
"1669882793","5051","Kiyovu","Nyarugenge","61","-1.95551","30.06393","Kigali","Nyarugenge","28.75","1669882793","Isibo","1"
"1669882803","5052","Kiyovu","Nyarugenge","60","-1.95551","30.06358","Kigali","Nyarugenge","28.75","1669882803","Isibo","1"
"1669882813","5053","Kiyovu","Nyarugenge","60","-1.95553","30.06371","Kigali","Nyarugenge","28.81","1669882813","Isibo","1"
"1669882818","5062","Kiyovu","Nyarugenge","73","-1.95552","30.06367","Kigali","Nyarugenge","10.25","1669882818","Isibo","1"
"1669882823","5056","Kiyovu","Nyarugenge","62","-1.95552","30.06383","Kigali","Nyarugenge","28.88","1669882823","Isibo","1"
"1669882827","5062","Kiyovu","Nyarugenge","73","-1.95552","30.06367","Kigali","Nyarugenge","10.25","1669882827","Isibo","1"
"1669882833","5055","Kiyovu","Nyarugenge","62","-1.95553","30.06335","Kigali","Nyarugenge","28.88","1669882833","Isibo","1"
"1669882843","5058","Kiyovu","Nyarugenge","66","-1.95553","30.06344","Kigali","Nyarugenge","28.88","1669882843","Isibo","1"
"1669882852","5057","Kiyovu","Nyarugenge","61","-1.95552","30.06388","Kigali","Nyarugenge","28.94","1669882852","Isibo","1"
"1669882862","5050","Kiyovu","Nyarugenge","62","-1.95552","30.06397","Kigali","Nyarugenge","29.00","1669882862","Isibo","1"
"1669882872","5052","Kiyovu","Nyarugenge","63","-1.95552","30.06397","Kigali","Nyarugenge","29.00","1669882872","Isibo","1"
"1669882882","5057","Kiyovu","Nyarugenge","66","-1.95551","30.06363","Kigali","Nyarugenge","29.06","1669882882","Isibo","1"
"1669882892","5051","Kiyovu","Nyarugenge","63","-1.95551","30.06379","Kigali","Nyarugenge","29.13","1669882892","Isibo","1"
"1669882902","5053","Kiyovu","Nyarugenge","62","-1.95552","30.06327","Kigali","Nyarugenge","29.19","1669882902","Isibo","1"
"1669882913","5052","Kiyovu","Nyarugenge","63","-1.95551","30.06377","Kigali","Nyarugenge","29.25","1669882913","Isibo","1"
"1669882923","5057","Kiyovu","Nyarugenge","62","-1.95552","30.06346","Kigali","Nyarugenge","29.38","1669882923","Isibo","1"
"1669882933","5057","Kiyovu","Nyarugenge","61","-1.95553","30.06326","Kigali","Nyarugenge","29.44","1669882933","Isibo","1"
"1669882943","5057","Kiyovu","Nyarugenge","65","-1.95552","30.0637","Kigali","Nyarugenge","29.56","1669882943","Isibo","1"
"1669882953","5054","Kiyovu","Nyarugenge","67","-1.95551","30.06354","Kigali","Nyarugenge","29.69","1669882953","Isibo","1"
"1669882963","5056","Kiyovu","Nyarugenge","66","-1.95552","30.06387","Kigali","Nyarugenge","29.75","1669882963","Isibo","1"
"1669882975","5052","Kiyovu","Nyarugenge","64","-1.95552","30.06377","Kigali","Nyarugenge","29.88","1669882974","Isibo","1"
"1669882982","5056","Kiyovu","Nyarugenge","66","-1.95551","30.06315","Kigali","Nyarugenge","29.88","1669882982","Isibo","1"
"1669882992","5052","Kiyovu","Nyarugenge","65","-1.95552","30.06322","Kigali","Nyarugenge","29.94","1669882992","Isibo","1"
"1669883002","5054","Kiyovu","Nyarugenge","61","-1.95552","30.06344","Kigali","Nyarugenge","30.06","1669883002","Isibo","1"
"1669883012","5059","Kiyovu","Nyarugenge","65","-1.95551","30.06395","Kigali","Nyarugenge","30.13","1669883012","Isibo","1"
"1669883022","5051","Kiyovu","Nyarugenge","64","-1.95553","30.06314","Kigali","Nyarugenge","30.13","1669883022","Isibo","1"
"1669883032","5056","Kiyovu","Nyarugenge","60","-1.95552","30.06347","Kigali","Nyarugenge","30.19","1669883032","Isibo","1"
"1669883046","5058","Kiyovu","Nyarugenge","67","-1.95552","30.06394","Kigali","Nyarugenge","30.19","1669883046","Isibo","1"
"1669883052","5052","Kiyovu","Nyarugenge","64","-1.95552","30.06405","Kigali","Nyarugenge","30.19","1669883052","Isibo","1"
"1669884149","5055","Kiyovu","Nyarugenge","64","-1.95551","30.06346","Kigali","Nyarugenge","26.13","1669884149","Isibo","1"
"1669884158","5058","Kiyovu","Nyarugenge","69","-1.95553","30.06401","Kigali","Nyarugenge","26.13","1669884158","Isibo","1"
"1669884168","5054","Kiyovu","Nyarugenge","60","-1.95553","30.06371","Kigali","Nyarugenge","26.06","1669884168","Isibo","1"
"1669884178","5058","Kiyovu","Nyarugenge","60","-1.95552","30.06333","Kigali","Nyarugenge","26.13","1669884178","Isibo","1"
"1669884188","5058","Kiyovu","Nyarugenge","69","-1.95552","30.06344","Kigali","Nyarugenge","26.06","1669884188","Isibo","1"
"1669884198","5058","Kiyovu","Nyarugenge","62","-1.95552","30.06373","Kigali","Nyarugenge","26.06","1669884198","Isibo","1"
"1669884208","5055","Kiyovu","Nyarugenge","61","-1.95552","30.06394","Kigali","Nyarugenge","26.06","1669884208","Isibo","1"
"1669884242","5059","Kiyovu","Nyarugenge","64","-1.95552","30.06345","Kigali","Nyarugenge","26.00","1669884241","Isibo","1"
"1669884272","5054","Kiyovu","Nyarugenge","63","-1.95552","30.06364","Kigali","Nyarugenge","25.94","1669884271","Isibo","1"
"1669884368","5053","Kiyovu","Nyarugenge","65","-1.95552","30.0634","Kigali","Nyarugenge","25.69","1669884368","Isibo","1"
"1669884387","5059","Kiyovu","Nyarugenge","62","-1.95552","30.06392","Kigali","Nyarugenge","25.69","1669884387","Isibo","1"
"1669884407","5057","Kiyovu","Nyarugenge","68","-1.95552","30.06333","Kigali","Nyarugenge","25.69","1669884407","Isibo","1"
"1669884417","5055","Kiyovu","Nyarugenge","66","-1.95553","30.0638","Kigali","Nyarugenge","25.69","1669884417","Isibo","1"
"1669884427","5054","Kiyovu","Nyarugenge","68","-1.95553","30.06375","Kigali","Nyarugenge","25.63","1669884427","Isibo","1"
"1669884437","5052","Kiyovu","Nyarugenge","63","-1.95552","30.06372","Kigali","Nyarugenge","25.63","1669884437","Isibo","1"
"1669884447","5050","Kiyovu","Nyarugenge","61","-1.95553","30.06338","Kigali","Nyarugenge","25.63","1669884447","Isibo","1"
"1669884457","5057","Kiyovu","Nyarugenge","66","-1.95553","30.06392","Kigali","Nyarugenge","25.63","1669884457","Isibo","1"
"1669884467","5053","Kiyovu","Nyarugenge","60","-1.95552","30.0635","Kigali","Nyarugenge","25.56","1669884467","Isibo","1"
"1669884477","5054","Kiyovu","Nyarugenge","63","-1.95552","30.06325","Kigali","Nyarugenge","25.56","1669884477","Isibo","1"
"1669884486","5057","Kiyovu","Nyarugenge","64","-1.95552","30.06345","Kigali","Nyarugenge","25.50","1669884486","Isibo","1"
"1669892148","5062","Kiyovu","Nyarugenge","73","-1.95552","30.06367","Kigali","Nyarugenge","10.25","1669892148","Isibo","1"
"1669892388","5062","Kiyovu","Nyarugenge","73","-1.95552","30.06367","Kigali","Nyarugenge","10.25","1669892388","Isibo","1"
